{
    "model": "convnext_tiny",
    "model_family": "ConvNeXt",
    "dataset": "imagenet_c",
    "pretrained": true,
    "num_corruptions_evaluated": 19,
    "corruption_results": {
        "brightness": {
            "1": 0.77872,
            "2": 0.77114,
            "3": 0.75632,
            "4": 0.7354,
            "5": 0.7037,
            "mean": 0.749056
        },
        "contrast": {
            "1": 0.75578,
            "2": 0.74246,
            "3": 0.7171,
            "4": 0.63362,
            "5": 0.43838,
            "mean": 0.6574679999999999
        },
        "defocus_blur": {
            "1": 0.67464,
            "2": 0.61332,
            "3": 0.48144,
            "4": 0.35736,
            "5": 0.25268,
            "mean": 0.475888
        },
        "elastic_transform": {
            "1": 0.74538,
            "2": 0.56586,
            "3": 0.637,
            "4": 0.50558,
            "5": 0.22576,
            "mean": 0.5359160000000001
        },
        "fog": {
            "1": 0.73124,
            "2": 0.70894,
            "3": 0.65716,
            "4": 0.57582,
            "5": 0.42374,
            "mean": 0.6193799999999999
        },
        "frost": {
            "1": 0.71806,
            "2": 0.63322,
            "3": 0.55896,
            "4": 0.54814,
            "5": 0.49212,
            "mean": 0.5901
        },
        "gaussian_blur": {
            "1": 0.74044,
            "2": 0.64126,
            "3": 0.51182,
            "4": 0.39182,
            "5": 0.22366,
            "mean": 0.5018
        },
        "gaussian_noise": {
            "1": 0.73262,
            "2": 0.6984,
            "3": 0.63554,
            "4": 0.54112,
            "5": 0.4014,
            "mean": 0.601816
        },
        "glass_blur": {
            "1": 0.65934,
            "2": 0.53734,
            "3": 0.2426,
            "4": 0.1679,
            "5": 0.11384,
            "mean": 0.344204
        },
        "impulse_noise": {
            "1": 0.7129,
            "2": 0.6669,
            "3": 0.62568,
            "4": 0.51982,
            "5": 0.38726,
            "mean": 0.582512
        },
        "jpeg_compression": {
            "1": 0.72426,
            "2": 0.70422,
            "3": 0.68628,
            "4": 0.63666,
            "5": 0.57222,
            "mean": 0.664728
        },
        "motion_blur": {
            "1": 0.73156,
            "2": 0.67392,
            "3": 0.56632,
            "4": 0.42208,
            "5": 0.3329,
            "mean": 0.545356
        },
        "pixelate": {
            "1": 0.73118,
            "2": 0.70274,
            "3": 0.6422,
            "4": 0.53236,
            "5": 0.41328,
            "mean": 0.604352
        },
        "saturate": {
            "1": 0.7627,
            "2": 0.74958,
            "3": 0.76846,
            "4": 0.72436,
            "5": 0.65972,
            "mean": 0.7329640000000001
        },
        "shot_noise": {
            "1": 0.7239,
            "2": 0.68122,
            "3": 0.62236,
            "4": 0.49666,
            "5": 0.39114,
            "mean": 0.583056
        },
        "snow": {
            "1": 0.6839,
            "2": 0.5509,
            "3": 0.5667,
            "4": 0.4806,
            "5": 0.43804,
            "mean": 0.544028
        },
        "spatter": {
            "1": 0.77082,
            "2": 0.71638,
            "3": 0.67388,
            "4": 0.61008,
            "5": 0.51322,
            "mean": 0.656876
        },
        "speckle_noise": {
            "1": 0.73008,
            "2": 0.70882,
            "3": 0.62834,
            "4": 0.56606,
            "5": 0.47956,
            "mean": 0.622572
        },
        "zoom_blur": {
            "1": 0.61814,
            "2": 0.52876,
            "3": 0.4525,
            "4": 0.38544,
            "5": 0.3134,
            "mean": 0.45964799999999995
        }
    },
    "mean_acc_15_std": 0.5705005333333334,
    "mce_15_std": 0.4294994666666666,
    "mean_acc_all": 0.5827221052631578,
    "mce_all": 0.4172778947368422,
    "normalization_mean": [
        0.485,
        0.456,
        0.406
    ],
    "normalization_std": [
        0.229,
        0.224,
        0.225
    ],
    "resize": 256,
    "crop": 224,
    "batch_size": 256,
    "amp": true,
    "seed": 42
}