{
    "model": "deit_small_patch16_224",
    "model_family": "DeiT",
    "dataset": "imagenet_c",
    "pretrained": true,
    "num_corruptions_evaluated": 19,
    "corruption_results": {
        "brightness": {
            "1": 0.75976,
            "2": 0.74866,
            "3": 0.7344,
            "4": 0.70972,
            "5": 0.67306,
            "mean": 0.72512
        },
        "contrast": {
            "1": 0.73146,
            "2": 0.71886,
            "3": 0.69602,
            "4": 0.6119,
            "5": 0.38216,
            "mean": 0.62808
        },
        "defocus_blur": {
            "1": 0.65768,
            "2": 0.60664,
            "3": 0.48084,
            "4": 0.36282,
            "5": 0.26082,
            "mean": 0.47375999999999996
        },
        "elastic_transform": {
            "1": 0.72586,
            "2": 0.53344,
            "3": 0.66198,
            "4": 0.56428,
            "5": 0.32572,
            "mean": 0.562256
        },
        "fog": {
            "1": 0.69304,
            "2": 0.65868,
            "3": 0.61004,
            "4": 0.567,
            "5": 0.49184,
            "mean": 0.60412
        },
        "frost": {
            "1": 0.70618,
            "2": 0.63086,
            "3": 0.56282,
            "4": 0.55596,
            "5": 0.50866,
            "mean": 0.592896
        },
        "gaussian_blur": {
            "1": 0.7208,
            "2": 0.63176,
            "3": 0.52534,
            "4": 0.40594,
            "5": 0.22704,
            "mean": 0.5021760000000001
        },
        "gaussian_noise": {
            "1": 0.7156,
            "2": 0.68152,
            "3": 0.6139,
            "4": 0.51028,
            "5": 0.34542,
            "mean": 0.573344
        },
        "glass_blur": {
            "1": 0.65666,
            "2": 0.55884,
            "3": 0.30274,
            "4": 0.2177,
            "5": 0.15504,
            "mean": 0.37819600000000003
        },
        "impulse_noise": {
            "1": 0.69204,
            "2": 0.64304,
            "3": 0.598,
            "4": 0.4847,
            "5": 0.3397,
            "mean": 0.551496
        },
        "jpeg_compression": {
            "1": 0.70304,
            "2": 0.68202,
            "3": 0.66166,
            "4": 0.60656,
            "5": 0.52748,
            "mean": 0.6361519999999999
        },
        "motion_blur": {
            "1": 0.71218,
            "2": 0.65658,
            "3": 0.54094,
            "4": 0.38612,
            "5": 0.29144,
            "mean": 0.517452
        },
        "pixelate": {
            "1": 0.71946,
            "2": 0.70312,
            "3": 0.63662,
            "4": 0.49282,
            "5": 0.37614,
            "mean": 0.585632
        },
        "saturate": {
            "1": 0.74418,
            "2": 0.72416,
            "3": 0.747,
            "4": 0.694,
            "5": 0.61752,
            "mean": 0.705372
        },
        "shot_noise": {
            "1": 0.70802,
            "2": 0.66044,
            "3": 0.58776,
            "4": 0.44176,
            "5": 0.30886,
            "mean": 0.5413680000000001
        },
        "snow": {
            "1": 0.67468,
            "2": 0.53796,
            "3": 0.56418,
            "4": 0.46848,
            "5": 0.43084,
            "mean": 0.535228
        },
        "spatter": {
            "1": 0.75138,
            "2": 0.70876,
            "3": 0.66282,
            "4": 0.591,
            "5": 0.48056,
            "mean": 0.6389039999999999
        },
        "speckle_noise": {
            "1": 0.7168,
            "2": 0.69178,
            "3": 0.59584,
            "4": 0.52148,
            "5": 0.4193,
            "mean": 0.58904
        },
        "zoom_blur": {
            "1": 0.57706,
            "2": 0.48868,
            "3": 0.41872,
            "4": 0.35452,
            "5": 0.2873,
            "mean": 0.42525599999999997
        }
    },
    "mean_acc_15_std": 0.5553570666666666,
    "mce_15_std": 0.4446429333333334,
    "mean_acc_all": 0.5666235789473685,
    "mce_all": 0.4333764210526315,
    "normalization_mean": [
        0.485,
        0.456,
        0.406
    ],
    "normalization_std": [
        0.229,
        0.224,
        0.225
    ],
    "resize": 256,
    "crop": 224,
    "batch_size": 256,
    "amp": true,
    "seed": 42
}