{
    "model": "deit_tiny_patch16_224",
    "model_family": "DeiT",
    "dataset": "imagenet_c",
    "pretrained": true,
    "num_corruptions_evaluated": 19,
    "corruption_results": {
        "brightness": {
            "1": 0.67666,
            "2": 0.66344,
            "3": 0.64288,
            "4": 0.61102,
            "5": 0.5666,
            "mean": 0.63212
        },
        "contrast": {
            "1": 0.63234,
            "2": 0.61408,
            "3": 0.5842,
            "4": 0.46678,
            "5": 0.23168,
            "mean": 0.505816
        },
        "defocus_blur": {
            "1": 0.5375,
            "2": 0.47968,
            "3": 0.35752,
            "4": 0.25464,
            "5": 0.17456,
            "mean": 0.36078
        },
        "elastic_transform": {
            "1": 0.63356,
            "2": 0.4388,
            "3": 0.54134,
            "4": 0.43146,
            "5": 0.2152,
            "mean": 0.452072
        },
        "fog": {
            "1": 0.58348,
            "2": 0.54064,
            "3": 0.46304,
            "4": 0.38992,
            "5": 0.29658,
            "mean": 0.454732
        },
        "frost": {
            "1": 0.59864,
            "2": 0.4963,
            "3": 0.41712,
            "4": 0.40834,
            "5": 0.35236,
            "mean": 0.45455199999999996
        },
        "gaussian_blur": {
            "1": 0.6206,
            "2": 0.50562,
            "3": 0.39344,
            "4": 0.29136,
            "5": 0.1524,
            "mean": 0.392684
        },
        "gaussian_noise": {
            "1": 0.60856,
            "2": 0.55478,
            "3": 0.46304,
            "4": 0.33774,
            "5": 0.17518,
            "mean": 0.42786
        },
        "glass_blur": {
            "1": 0.54534,
            "2": 0.43406,
            "3": 0.19756,
            "4": 0.14414,
            "5": 0.10556,
            "mean": 0.28533200000000003
        },
        "impulse_noise": {
            "1": 0.57772,
            "2": 0.51302,
            "3": 0.45482,
            "4": 0.31854,
            "5": 0.17722,
            "mean": 0.40826399999999996
        },
        "jpeg_compression": {
            "1": 0.61244,
            "2": 0.58386,
            "3": 0.56254,
            "4": 0.49622,
            "5": 0.40806,
            "mean": 0.532624
        },
        "motion_blur": {
            "1": 0.60918,
            "2": 0.52806,
            "3": 0.4047,
            "4": 0.27502,
            "5": 0.2058,
            "mean": 0.40455199999999997
        },
        "pixelate": {
            "1": 0.61424,
            "2": 0.58432,
            "3": 0.47154,
            "4": 0.28346,
            "5": 0.18832,
            "mean": 0.428376
        },
        "saturate": {
            "1": 0.65378,
            "2": 0.62686,
            "3": 0.659,
            "4": 0.58976,
            "5": 0.5003,
            "mean": 0.60594
        },
        "shot_noise": {
            "1": 0.60096,
            "2": 0.53692,
            "3": 0.4434,
            "4": 0.2739,
            "5": 0.15704,
            "mean": 0.402444
        },
        "snow": {
            "1": 0.54756,
            "2": 0.38588,
            "3": 0.41508,
            "4": 0.31952,
            "5": 0.282,
            "mean": 0.390008
        },
        "spatter": {
            "1": 0.66656,
            "2": 0.59962,
            "3": 0.5212,
            "4": 0.47068,
            "5": 0.35466,
            "mean": 0.522544
        },
        "speckle_noise": {
            "1": 0.61632,
            "2": 0.58386,
            "3": 0.46674,
            "4": 0.38408,
            "5": 0.2765,
            "mean": 0.4655
        },
        "zoom_blur": {
            "1": 0.45978,
            "2": 0.37426,
            "3": 0.31434,
            "4": 0.2616,
            "5": 0.21444,
            "mean": 0.324884
        }
    },
    "mean_acc_15_std": 0.43096106666666667,
    "mce_15_std": 0.5690389333333333,
    "mean_acc_all": 0.4447938947368421,
    "mce_all": 0.5552061052631578,
    "normalization_mean": [
        0.485,
        0.456,
        0.406
    ],
    "normalization_std": [
        0.229,
        0.224,
        0.225
    ],
    "resize": 256,
    "crop": 224,
    "batch_size": 256,
    "amp": true,
    "seed": 42
}