{
    "model": "efficientformer_l1",
    "model_family": "EfficientFormer",
    "dataset": "imagenet_c",
    "pretrained": true,
    "num_corruptions_evaluated": 19,
    "corruption_results": {
        "brightness": {
            "1": 0.75956,
            "2": 0.75074,
            "3": 0.7331,
            "4": 0.70464,
            "5": 0.66192,
            "mean": 0.721992
        },
        "contrast": {
            "1": 0.72596,
            "2": 0.70532,
            "3": 0.67092,
            "4": 0.55142,
            "5": 0.3311,
            "mean": 0.5969439999999999
        },
        "defocus_blur": {
            "1": 0.63726,
            "2": 0.56238,
            "3": 0.4031,
            "4": 0.27384,
            "5": 0.17322,
            "mean": 0.40996
        },
        "elastic_transform": {
            "1": 0.72658,
            "2": 0.52878,
            "3": 0.57864,
            "4": 0.42946,
            "5": 0.1554,
            "mean": 0.483772
        },
        "fog": {
            "1": 0.7013,
            "2": 0.67134,
            "3": 0.61498,
            "4": 0.55008,
            "5": 0.378,
            "mean": 0.58314
        },
        "frost": {
            "1": 0.66916,
            "2": 0.52828,
            "3": 0.41676,
            "4": 0.3932,
            "5": 0.3235,
            "mean": 0.46617999999999993
        },
        "gaussian_blur": {
            "1": 0.71844,
            "2": 0.59672,
            "3": 0.43746,
            "4": 0.30174,
            "5": 0.14068,
            "mean": 0.439008
        },
        "gaussian_noise": {
            "1": 0.679,
            "2": 0.61792,
            "3": 0.5093,
            "4": 0.35884,
            "5": 0.17016,
            "mean": 0.467044
        },
        "glass_blur": {
            "1": 0.61374,
            "2": 0.46404,
            "3": 0.16348,
            "4": 0.10486,
            "5": 0.0735,
            "mean": 0.28392399999999995
        },
        "impulse_noise": {
            "1": 0.65334,
            "2": 0.57602,
            "3": 0.50648,
            "4": 0.3355,
            "5": 0.16046,
            "mean": 0.44636000000000003
        },
        "jpeg_compression": {
            "1": 0.69888,
            "2": 0.67224,
            "3": 0.65146,
            "4": 0.58706,
            "5": 0.50022,
            "mean": 0.621972
        },
        "motion_blur": {
            "1": 0.69884,
            "2": 0.6153,
            "3": 0.46206,
            "4": 0.29296,
            "5": 0.20416,
            "mean": 0.454664
        },
        "pixelate": {
            "1": 0.69942,
            "2": 0.66746,
            "3": 0.58662,
            "4": 0.42616,
            "5": 0.29414,
            "mean": 0.53476
        },
        "saturate": {
            "1": 0.74384,
            "2": 0.72522,
            "3": 0.74728,
            "4": 0.68888,
            "5": 0.61246,
            "mean": 0.7035359999999999
        },
        "shot_noise": {
            "1": 0.66864,
            "2": 0.59446,
            "3": 0.48824,
            "4": 0.298,
            "5": 0.17856,
            "mean": 0.44558
        },
        "snow": {
            "1": 0.62284,
            "2": 0.41732,
            "3": 0.46024,
            "4": 0.3553,
            "5": 0.28378,
            "mean": 0.42789599999999994
        },
        "spatter": {
            "1": 0.75096,
            "2": 0.68,
            "3": 0.60966,
            "4": 0.52768,
            "5": 0.41548,
            "mean": 0.596756
        },
        "speckle_noise": {
            "1": 0.68226,
            "2": 0.64412,
            "3": 0.51432,
            "4": 0.42466,
            "5": 0.31082,
            "mean": 0.515236
        },
        "zoom_blur": {
            "1": 0.58538,
            "2": 0.48908,
            "3": 0.4077,
            "4": 0.33888,
            "5": 0.27324,
            "mean": 0.418856
        }
    },
    "mean_acc_15_std": 0.49086959999999996,
    "mce_15_std": 0.5091304000000001,
    "mean_acc_all": 0.5061884210526316,
    "mce_all": 0.4938115789473684,
    "normalization_mean": [
        0.485,
        0.456,
        0.406
    ],
    "normalization_std": [
        0.229,
        0.224,
        0.225
    ],
    "resize": 256,
    "crop": 224,
    "batch_size": 256,
    "amp": true,
    "seed": 42
}