{
    "model": "mobilevit_s",
    "model_family": "MobileViT",
    "dataset": "imagenet_c",
    "pretrained": true,
    "num_corruptions_evaluated": 19,
    "corruption_results": {
        "brightness": {
            "1": 0.7399,
            "2": 0.72736,
            "3": 0.70212,
            "4": 0.66358,
            "5": 0.60362,
            "mean": 0.687316
        },
        "contrast": {
            "1": 0.6694,
            "2": 0.61554,
            "3": 0.4955,
            "4": 0.18434,
            "5": 0.0204,
            "mean": 0.397036
        },
        "defocus_blur": {
            "1": 0.60098,
            "2": 0.51826,
            "3": 0.35832,
            "4": 0.2383,
            "5": 0.1517,
            "mean": 0.373512
        },
        "elastic_transform": {
            "1": 0.6922,
            "2": 0.49924,
            "3": 0.55228,
            "4": 0.40166,
            "5": 0.1471,
            "mean": 0.45849600000000007
        },
        "fog": {
            "1": 0.62044,
            "2": 0.56008,
            "3": 0.46896,
            "4": 0.40184,
            "5": 0.24164,
            "mean": 0.458592
        },
        "frost": {
            "1": 0.60914,
            "2": 0.44354,
            "3": 0.32574,
            "4": 0.30356,
            "5": 0.2373,
            "mean": 0.38385600000000003
        },
        "gaussian_blur": {
            "1": 0.68184,
            "2": 0.55626,
            "3": 0.40036,
            "4": 0.27256,
            "5": 0.1252,
            "mean": 0.40724400000000005
        },
        "gaussian_noise": {
            "1": 0.62642,
            "2": 0.51672,
            "3": 0.33754,
            "4": 0.15412,
            "5": 0.03808,
            "mean": 0.334576
        },
        "glass_blur": {
            "1": 0.55792,
            "2": 0.40706,
            "3": 0.15656,
            "4": 0.1086,
            "5": 0.0656,
            "mean": 0.259148
        },
        "impulse_noise": {
            "1": 0.59352,
            "2": 0.47414,
            "3": 0.36148,
            "4": 0.14926,
            "5": 0.0421,
            "mean": 0.3241
        },
        "jpeg_compression": {
            "1": 0.65988,
            "2": 0.62326,
            "3": 0.59304,
            "4": 0.49332,
            "5": 0.36552,
            "mean": 0.547004
        },
        "motion_blur": {
            "1": 0.65896,
            "2": 0.55694,
            "3": 0.40074,
            "4": 0.24296,
            "5": 0.1661,
            "mean": 0.40514
        },
        "pixelate": {
            "1": 0.65526,
            "2": 0.60812,
            "3": 0.5381,
            "4": 0.43274,
            "5": 0.34444,
            "mean": 0.5157320000000001
        },
        "saturate": {
            "1": 0.68028,
            "2": 0.63754,
            "3": 0.72476,
            "4": 0.6376,
            "5": 0.525,
            "mean": 0.6410359999999999
        },
        "shot_noise": {
            "1": 0.61586,
            "2": 0.48002,
            "3": 0.30938,
            "4": 0.11144,
            "5": 0.0458,
            "mean": 0.3125
        },
        "snow": {
            "1": 0.59338,
            "2": 0.36402,
            "3": 0.40566,
            "4": 0.29738,
            "5": 0.19788,
            "mean": 0.371664
        },
        "spatter": {
            "1": 0.72966,
            "2": 0.6536,
            "3": 0.56408,
            "4": 0.51692,
            "5": 0.40242,
            "mean": 0.5733360000000001
        },
        "speckle_noise": {
            "1": 0.63548,
            "2": 0.5786,
            "3": 0.37602,
            "4": 0.26,
            "5": 0.15358,
            "mean": 0.40073600000000004
        },
        "zoom_blur": {
            "1": 0.53054,
            "2": 0.43462,
            "3": 0.37116,
            "4": 0.30924,
            "5": 0.24986,
            "mean": 0.37908400000000003
        }
    },
    "mean_acc_15_std": 0.4138504,
    "mce_15_std": 0.5861495999999999,
    "mean_acc_all": 0.4331635789473684,
    "mce_all": 0.5668364210526315,
    "normalization_mean": [
        0.0,
        0.0,
        0.0
    ],
    "normalization_std": [
        1.0,
        1.0,
        1.0
    ],
    "resize": 284,
    "crop": 256,
    "batch_size": 256,
    "amp": true,
    "seed": 42
}