{
    "model": "swin_tiny_patch4_window7_224",
    "model_family": "Swin",
    "dataset": "imagenet_c",
    "pretrained": true,
    "num_corruptions_evaluated": 19,
    "corruption_results": {
        "brightness": {
            "1": 0.76426,
            "2": 0.75368,
            "3": 0.73796,
            "4": 0.71204,
            "5": 0.67314,
            "mean": 0.728216
        },
        "contrast": {
            "1": 0.73404,
            "2": 0.7174,
            "3": 0.686,
            "4": 0.58404,
            "5": 0.35064,
            "mean": 0.614424
        },
        "defocus_blur": {
            "1": 0.63936,
            "2": 0.57646,
            "3": 0.43694,
            "4": 0.31278,
            "5": 0.21314,
            "mean": 0.435736
        },
        "elastic_transform": {
            "1": 0.72548,
            "2": 0.53682,
            "3": 0.61126,
            "4": 0.47514,
            "5": 0.21456,
            "mean": 0.512652
        },
        "fog": {
            "1": 0.70492,
            "2": 0.67492,
            "3": 0.62186,
            "4": 0.56736,
            "5": 0.47768,
            "mean": 0.609348
        },
        "frost": {
            "1": 0.69926,
            "2": 0.61098,
            "3": 0.5325,
            "4": 0.52322,
            "5": 0.46468,
            "mean": 0.566128
        },
        "gaussian_blur": {
            "1": 0.71346,
            "2": 0.60284,
            "3": 0.4714,
            "4": 0.34856,
            "5": 0.18124,
            "mean": 0.46349999999999997
        },
        "gaussian_noise": {
            "1": 0.70762,
            "2": 0.6579,
            "3": 0.5787,
            "4": 0.46788,
            "5": 0.30318,
            "mean": 0.543056
        },
        "glass_blur": {
            "1": 0.62178,
            "2": 0.49246,
            "3": 0.22,
            "4": 0.152,
            "5": 0.10176,
            "mean": 0.3176
        },
        "impulse_noise": {
            "1": 0.6753,
            "2": 0.62076,
            "3": 0.5678,
            "4": 0.4407,
            "5": 0.28398,
            "mean": 0.5177080000000001
        },
        "jpeg_compression": {
            "1": 0.69348,
            "2": 0.66952,
            "3": 0.64832,
            "4": 0.586,
            "5": 0.50214,
            "mean": 0.619892
        },
        "motion_blur": {
            "1": 0.70804,
            "2": 0.6401,
            "3": 0.50942,
            "4": 0.34384,
            "5": 0.24842,
            "mean": 0.48996399999999996
        },
        "pixelate": {
            "1": 0.69776,
            "2": 0.66866,
            "3": 0.57432,
            "4": 0.4421,
            "5": 0.29178,
            "mean": 0.534924
        },
        "saturate": {
            "1": 0.7447,
            "2": 0.7225,
            "3": 0.7524,
            "4": 0.69182,
            "5": 0.60118,
            "mean": 0.70252
        },
        "shot_noise": {
            "1": 0.69808,
            "2": 0.64,
            "3": 0.56,
            "4": 0.41036,
            "5": 0.28348,
            "mean": 0.518384
        },
        "snow": {
            "1": 0.66046,
            "2": 0.52174,
            "3": 0.53718,
            "4": 0.43578,
            "5": 0.3877,
            "mean": 0.508572
        },
        "spatter": {
            "1": 0.7546,
            "2": 0.69988,
            "3": 0.65658,
            "4": 0.6109,
            "5": 0.52294,
            "mean": 0.64898
        },
        "speckle_noise": {
            "1": 0.70328,
            "2": 0.6742,
            "3": 0.5752,
            "4": 0.49938,
            "5": 0.39824,
            "mean": 0.57006
        },
        "zoom_blur": {
            "1": 0.58168,
            "2": 0.49,
            "3": 0.41622,
            "4": 0.34492,
            "5": 0.27868,
            "mean": 0.4223
        }
    },
    "mean_acc_15_std": 0.5292602666666667,
    "mce_15_std": 0.4707397333333333,
    "mean_acc_all": 0.5433665263157895,
    "mce_all": 0.4566334736842105,
    "normalization_mean": [
        0.485,
        0.456,
        0.406
    ],
    "normalization_std": [
        0.229,
        0.224,
        0.225
    ],
    "resize": 256,
    "crop": 224,
    "batch_size": 256,
    "amp": true,
    "seed": 42
}