{
    "model": "vit_tiny_patch16_224",
    "model_family": "ViT",
    "dataset": "imagenet_c",
    "pretrained": true,
    "num_corruptions_evaluated": 19,
    "corruption_results": {
        "brightness": {
            "1": 0.72356,
            "2": 0.70632,
            "3": 0.67874,
            "4": 0.63496,
            "5": 0.56958,
            "mean": 0.662632
        },
        "contrast": {
            "1": 0.64672,
            "2": 0.5874,
            "3": 0.46268,
            "4": 0.17058,
            "5": 0.02136,
            "mean": 0.37774800000000003
        },
        "defocus_blur": {
            "1": 0.59936,
            "2": 0.53462,
            "3": 0.39716,
            "4": 0.27824,
            "5": 0.18964,
            "mean": 0.399804
        },
        "elastic_transform": {
            "1": 0.67008,
            "2": 0.45456,
            "3": 0.60708,
            "4": 0.50356,
            "5": 0.27548,
            "mean": 0.5021519999999999
        },
        "fog": {
            "1": 0.57244,
            "2": 0.5003,
            "3": 0.39724,
            "4": 0.33484,
            "5": 0.18064,
            "mean": 0.397092
        },
        "frost": {
            "1": 0.59754,
            "2": 0.43356,
            "3": 0.31636,
            "4": 0.2946,
            "5": 0.22802,
            "mean": 0.374016
        },
        "gaussian_blur": {
            "1": 0.67782,
            "2": 0.56352,
            "3": 0.43784,
            "4": 0.3182,
            "5": 0.16282,
            "mean": 0.43204000000000004
        },
        "gaussian_noise": {
            "1": 0.64726,
            "2": 0.57,
            "3": 0.42268,
            "4": 0.23626,
            "5": 0.07052,
            "mean": 0.389344
        },
        "glass_blur": {
            "1": 0.58852,
            "2": 0.46976,
            "3": 0.23862,
            "4": 0.17898,
            "5": 0.12734,
            "mean": 0.32064400000000004
        },
        "impulse_noise": {
            "1": 0.60084,
            "2": 0.5044,
            "3": 0.41804,
            "4": 0.21642,
            "5": 0.06692,
            "mean": 0.36132400000000003
        },
        "jpeg_compression": {
            "1": 0.6637,
            "2": 0.63162,
            "3": 0.60804,
            "4": 0.52436,
            "5": 0.40934,
            "mean": 0.567412
        },
        "motion_blur": {
            "1": 0.6632,
            "2": 0.58952,
            "3": 0.45658,
            "4": 0.29188,
            "5": 0.2048,
            "mean": 0.441196
        },
        "pixelate": {
            "1": 0.6992,
            "2": 0.69232,
            "3": 0.5938,
            "4": 0.47848,
            "5": 0.37636,
            "mean": 0.568032
        },
        "saturate": {
            "1": 0.64724,
            "2": 0.59618,
            "3": 0.7022,
            "4": 0.59754,
            "5": 0.46784,
            "mean": 0.6022000000000001
        },
        "shot_noise": {
            "1": 0.63822,
            "2": 0.54298,
            "3": 0.4039,
            "4": 0.18782,
            "5": 0.08338,
            "mean": 0.37126000000000003
        },
        "snow": {
            "1": 0.55264,
            "2": 0.3219,
            "3": 0.3598,
            "4": 0.2481,
            "5": 0.16308,
            "mean": 0.329104
        },
        "spatter": {
            "1": 0.71332,
            "2": 0.62686,
            "3": 0.5123,
            "4": 0.43606,
            "5": 0.29292,
            "mean": 0.516292
        },
        "speckle_noise": {
            "1": 0.65338,
            "2": 0.60938,
            "3": 0.44656,
            "4": 0.33572,
            "5": 0.21524,
            "mean": 0.45205599999999996
        },
        "zoom_blur": {
            "1": 0.50338,
            "2": 0.40816,
            "3": 0.33558,
            "4": 0.2727,
            "5": 0.21326,
            "mean": 0.34661600000000004
        }
    },
    "mean_acc_15_std": 0.4272250666666667,
    "mce_15_std": 0.5727749333333333,
    "mean_acc_all": 0.4426823157894737,
    "mce_all": 0.5573176842105263,
    "normalization_mean": [
        0.5,
        0.5,
        0.5
    ],
    "normalization_std": [
        0.5,
        0.5,
        0.5
    ],
    "resize": 248,
    "crop": 224,
    "batch_size": 256,
    "amp": true,
    "seed": 42
}