{
    "model": "vit_small_patch16_224",
    "model_family": "ViT",
    "dataset": "imagenet_c",
    "pretrained": true,
    "num_corruptions_evaluated": 19,
    "corruption_results": {
        "brightness": {
            "1": 0.7849,
            "2": 0.77618,
            "3": 0.7615,
            "4": 0.73706,
            "5": 0.70044,
            "mean": 0.752016
        },
        "contrast": {
            "1": 0.74504,
            "2": 0.71834,
            "3": 0.65972,
            "4": 0.47354,
            "5": 0.16514,
            "mean": 0.552356
        },
        "defocus_blur": {
            "1": 0.70064,
            "2": 0.65726,
            "3": 0.54554,
            "4": 0.43394,
            "5": 0.33178,
            "mean": 0.5338320000000001
        },
        "elastic_transform": {
            "1": 0.74536,
            "2": 0.54312,
            "3": 0.6964,
            "4": 0.60568,
            "5": 0.36116,
            "mean": 0.590344
        },
        "fog": {
            "1": 0.70388,
            "2": 0.66748,
            "3": 0.61508,
            "4": 0.56902,
            "5": 0.44784,
            "mean": 0.60066
        },
        "frost": {
            "1": 0.71072,
            "2": 0.59606,
            "3": 0.49916,
            "4": 0.48016,
            "5": 0.41342,
            "mean": 0.539904
        },
        "gaussian_blur": {
            "1": 0.75412,
            "2": 0.67944,
            "3": 0.58918,
            "4": 0.48244,
            "5": 0.28848,
            "mean": 0.558732
        },
        "gaussian_noise": {
            "1": 0.7432,
            "2": 0.7075,
            "3": 0.63302,
            "4": 0.51306,
            "5": 0.31846,
            "mean": 0.583048
        },
        "glass_blur": {
            "1": 0.691,
            "2": 0.59924,
            "3": 0.36466,
            "4": 0.28792,
            "5": 0.20002,
            "mean": 0.428568
        },
        "impulse_noise": {
            "1": 0.72622,
            "2": 0.67996,
            "3": 0.63152,
            "4": 0.49584,
            "5": 0.3234,
            "mean": 0.571388
        },
        "jpeg_compression": {
            "1": 0.73836,
            "2": 0.71662,
            "3": 0.70298,
            "4": 0.65008,
            "5": 0.57148,
            "mean": 0.6759040000000001
        },
        "motion_blur": {
            "1": 0.74806,
            "2": 0.7028,
            "3": 0.61508,
            "4": 0.49086,
            "5": 0.40444,
            "mean": 0.592248
        },
        "pixelate": {
            "1": 0.76246,
            "2": 0.74956,
            "3": 0.71478,
            "4": 0.64556,
            "5": 0.5691,
            "mean": 0.688292
        },
        "saturate": {
            "1": 0.73512,
            "2": 0.70304,
            "3": 0.77538,
            "4": 0.71522,
            "5": 0.62854,
            "mean": 0.71146
        },
        "shot_noise": {
            "1": 0.74086,
            "2": 0.69476,
            "3": 0.61998,
            "4": 0.45062,
            "5": 0.31128,
            "mean": 0.5635
        },
        "snow": {
            "1": 0.69694,
            "2": 0.56352,
            "3": 0.5857,
            "4": 0.48416,
            "5": 0.41742,
            "mean": 0.5495479999999999
        },
        "spatter": {
            "1": 0.77436,
            "2": 0.72904,
            "3": 0.6832,
            "4": 0.65592,
            "5": 0.56314,
            "mean": 0.6811320000000001
        },
        "speckle_noise": {
            "1": 0.74776,
            "2": 0.72834,
            "3": 0.64518,
            "4": 0.57746,
            "5": 0.47322,
            "mean": 0.634392
        },
        "zoom_blur": {
            "1": 0.6341,
            "2": 0.55014,
            "3": 0.47388,
            "4": 0.40706,
            "5": 0.3263,
            "mean": 0.478296
        }
    },
    "mean_acc_15_std": 0.5799936,
    "mce_15_std": 0.4200064,
    "mean_acc_all": 0.59398,
    "mce_all": 0.40602000000000005,
    "normalization_mean": [
        0.5,
        0.5,
        0.5
    ],
    "normalization_std": [
        0.5,
        0.5,
        0.5
    ],
    "resize": 248,
    "crop": 224,
    "batch_size": 256,
    "amp": true,
    "seed": 42
}