{
    "model": "convnextv2_atto",
    "dataset": "imagenet_c",
    "pretrained": true,
    "num_corruptions_evaluated": 19,
    "corruption_results": {
        "brightness": {
            "1": 0.71788,
            "2": 0.70524,
            "3": 0.68552,
            "4": 0.65436,
            "5": 0.60986,
            "mean": 0.6745720000000001
        },
        "contrast": {
            "1": 0.68196,
            "2": 0.65972,
            "3": 0.60948,
            "4": 0.4439,
            "5": 0.191,
            "mean": 0.517212
        },
        "defocus_blur": {
            "1": 0.57042,
            "2": 0.4899,
            "3": 0.3443,
            "4": 0.22948,
            "5": 0.14158,
            "mean": 0.355136
        },
        "elastic_transform": {
            "1": 0.67276,
            "2": 0.46262,
            "3": 0.58602,
            "4": 0.45556,
            "5": 0.19676,
            "mean": 0.474744
        },
        "fog": {
            "1": 0.6233,
            "2": 0.57374,
            "3": 0.48552,
            "4": 0.41198,
            "5": 0.25374,
            "mean": 0.46965599999999996
        },
        "frost": {
            "1": 0.59528,
            "2": 0.43746,
            "3": 0.32964,
            "4": 0.30662,
            "5": 0.24652,
            "mean": 0.383104
        },
        "gaussian_blur": {
            "1": 0.66356,
            "2": 0.5239,
            "3": 0.38432,
            "4": 0.275,
            "5": 0.13656,
            "mean": 0.396668
        },
        "gaussian_noise": {
            "1": 0.62326,
            "2": 0.5531,
            "3": 0.44074,
            "4": 0.2899,
            "5": 0.12326,
            "mean": 0.406052
        },
        "glass_blur": {
            "1": 0.58274,
            "2": 0.45192,
            "3": 0.18696,
            "4": 0.12168,
            "5": 0.07552,
            "mean": 0.283764
        },
        "impulse_noise": {
            "1": 0.58808,
            "2": 0.49872,
            "3": 0.42482,
            "4": 0.25832,
            "5": 0.1171,
            "mean": 0.377408
        },
        "jpeg_compression": {
            "1": 0.65668,
            "2": 0.62932,
            "3": 0.60692,
            "4": 0.5346,
            "5": 0.43834,
            "mean": 0.573172
        },
        "motion_blur": {
            "1": 0.6553,
            "2": 0.57334,
            "3": 0.4177,
            "4": 0.24702,
            "5": 0.16728,
            "mean": 0.41212799999999994
        },
        "pixelate": {
            "1": 0.65426,
            "2": 0.62474,
            "3": 0.5575,
            "4": 0.44456,
            "5": 0.3576,
            "mean": 0.527732
        },
        "saturate": {
            "1": 0.69432,
            "2": 0.67686,
            "3": 0.7057,
            "4": 0.63348,
            "5": 0.5454,
            "mean": 0.651152
        },
        "shot_noise": {
            "1": 0.61444,
            "2": 0.53164,
            "3": 0.42472,
            "4": 0.25034,
            "5": 0.14672,
            "mean": 0.393572
        },
        "snow": {
            "1": 0.5642,
            "2": 0.37272,
            "3": 0.41304,
            "4": 0.32082,
            "5": 0.24942,
            "mean": 0.38404000000000005
        },
        "spatter": {
            "1": 0.70606,
            "2": 0.61816,
            "3": 0.5228,
            "4": 0.4704,
            "5": 0.34484,
            "mean": 0.5324519999999999
        },
        "speckle_noise": {
            "1": 0.63128,
            "2": 0.59076,
            "3": 0.4617,
            "4": 0.3769,
            "5": 0.27512,
            "mean": 0.467152
        },
        "zoom_blur": {
            "1": 0.50192,
            "2": 0.40178,
            "3": 0.32962,
            "4": 0.26428,
            "5": 0.20518,
            "mean": 0.340556
        }
    },
    "mean_acc_15_std": 0.4381898666666667,
    "mce_15_std": 0.5618101333333333,
    "mean_acc_all": 0.4536985263157895,
    "mce_all": 0.5463014736842104,
    "normalization_mean": [
        0.485,
        0.456,
        0.406
    ],
    "normalization_std": [
        0.229,
        0.224,
        0.225
    ],
    "resize": 256,
    "crop": 224,
    "batch_size": 256,
    "seed": 42
}