{
    "model": "efficientnetv2_rw_s",
    "dataset": "imagenet_c",
    "pretrained": true,
    "num_corruptions_evaluated": 19,
    "corruption_results": {
        "brightness": {
            "1": 0.7811,
            "2": 0.77446,
            "3": 0.76248,
            "4": 0.74308,
            "5": 0.71296,
            "mean": 0.754816
        },
        "contrast": {
            "1": 0.75926,
            "2": 0.7459,
            "3": 0.71706,
            "4": 0.59104,
            "5": 0.31014,
            "mean": 0.62468
        },
        "defocus_blur": {
            "1": 0.67456,
            "2": 0.61442,
            "3": 0.49566,
            "4": 0.37776,
            "5": 0.2791,
            "mean": 0.4883
        },
        "elastic_transform": {
            "1": 0.74536,
            "2": 0.54914,
            "3": 0.65008,
            "4": 0.5337,
            "5": 0.24492,
            "mean": 0.54464
        },
        "fog": {
            "1": 0.72942,
            "2": 0.69832,
            "3": 0.62942,
            "4": 0.54654,
            "5": 0.35004,
            "mean": 0.5907479999999999
        },
        "frost": {
            "1": 0.72148,
            "2": 0.62464,
            "3": 0.53552,
            "4": 0.5213,
            "5": 0.45638,
            "mean": 0.5718639999999999
        },
        "gaussian_blur": {
            "1": 0.73852,
            "2": 0.64574,
            "3": 0.5323,
            "4": 0.4202,
            "5": 0.2442,
            "mean": 0.516192
        },
        "gaussian_noise": {
            "1": 0.73204,
            "2": 0.69208,
            "3": 0.6122,
            "4": 0.48856,
            "5": 0.3029,
            "mean": 0.5655560000000001
        },
        "glass_blur": {
            "1": 0.67096,
            "2": 0.57726,
            "3": 0.31792,
            "4": 0.21658,
            "5": 0.1192,
            "mean": 0.380384
        },
        "impulse_noise": {
            "1": 0.71864,
            "2": 0.67072,
            "3": 0.6247,
            "4": 0.49454,
            "5": 0.32408,
            "mean": 0.5665359999999999
        },
        "jpeg_compression": {
            "1": 0.72974,
            "2": 0.70706,
            "3": 0.691,
            "4": 0.64232,
            "5": 0.57498,
            "mean": 0.66902
        },
        "motion_blur": {
            "1": 0.73592,
            "2": 0.68304,
            "3": 0.5718,
            "4": 0.41846,
            "5": 0.32312,
            "mean": 0.546468
        },
        "pixelate": {
            "1": 0.7426,
            "2": 0.72742,
            "3": 0.67384,
            "4": 0.57892,
            "5": 0.48518,
            "mean": 0.6415919999999999
        },
        "saturate": {
            "1": 0.77078,
            "2": 0.74512,
            "3": 0.77524,
            "4": 0.734,
            "5": 0.67614,
            "mean": 0.740256
        },
        "shot_noise": {
            "1": 0.7272,
            "2": 0.67472,
            "3": 0.59812,
            "4": 0.44028,
            "5": 0.31202,
            "mean": 0.550468
        },
        "snow": {
            "1": 0.69412,
            "2": 0.56002,
            "3": 0.57418,
            "4": 0.48492,
            "5": 0.44706,
            "mean": 0.55206
        },
        "spatter": {
            "1": 0.77308,
            "2": 0.72702,
            "3": 0.67606,
            "4": 0.6348,
            "5": 0.53626,
            "mean": 0.669444
        },
        "speckle_noise": {
            "1": 0.73586,
            "2": 0.71196,
            "3": 0.62338,
            "4": 0.55286,
            "5": 0.45952,
            "mean": 0.616716
        },
        "zoom_blur": {
            "1": 0.64458,
            "2": 0.56064,
            "3": 0.48534,
            "4": 0.41786,
            "5": 0.34306,
            "mean": 0.490296
        }
    },
    "mean_acc_15_std": 0.5691618666666667,
    "mce_15_std": 0.4308381333333333,
    "mean_acc_all": 0.5831597894736842,
    "mce_all": 0.4168402105263158,
    "normalization_mean": [
        0.485,
        0.456,
        0.406
    ],
    "normalization_std": [
        0.229,
        0.224,
        0.225
    ],
    "resize": 256,
    "crop": 224,
    "batch_size": 256,
    "seed": 42
}