{
    "model": "ghostnetv2_100",
    "dataset": "imagenet_c",
    "pretrained": true,
    "num_corruptions_evaluated": 19,
    "corruption_results": {
        "brightness": {
            "1": 0.7076,
            "2": 0.69018,
            "3": 0.6662,
            "4": 0.6295,
            "5": 0.5749,
            "mean": 0.653676
        },
        "contrast": {
            "1": 0.63576,
            "2": 0.5773,
            "3": 0.4531,
            "4": 0.1791,
            "5": 0.03134,
            "mean": 0.37532
        },
        "defocus_blur": {
            "1": 0.54174,
            "2": 0.45952,
            "3": 0.31088,
            "4": 0.2073,
            "5": 0.13494,
            "mean": 0.330876
        },
        "elastic_transform": {
            "1": 0.65378,
            "2": 0.44042,
            "3": 0.54312,
            "4": 0.39968,
            "5": 0.14656,
            "mean": 0.436712
        },
        "fog": {
            "1": 0.58454,
            "2": 0.51898,
            "3": 0.41428,
            "4": 0.34008,
            "5": 0.1775,
            "mean": 0.407076
        },
        "frost": {
            "1": 0.56242,
            "2": 0.38332,
            "3": 0.26562,
            "4": 0.24238,
            "5": 0.18422,
            "mean": 0.327592
        },
        "gaussian_blur": {
            "1": 0.64024,
            "2": 0.49762,
            "3": 0.34786,
            "4": 0.23486,
            "5": 0.10088,
            "mean": 0.364292
        },
        "gaussian_noise": {
            "1": 0.60208,
            "2": 0.51994,
            "3": 0.38278,
            "4": 0.22316,
            "5": 0.07976,
            "mean": 0.361544
        },
        "glass_blur": {
            "1": 0.5424,
            "2": 0.4164,
            "3": 0.1523,
            "4": 0.09452,
            "5": 0.05516,
            "mean": 0.252156
        },
        "impulse_noise": {
            "1": 0.58884,
            "2": 0.49132,
            "3": 0.40572,
            "4": 0.22784,
            "5": 0.09114,
            "mean": 0.360972
        },
        "jpeg_compression": {
            "1": 0.63436,
            "2": 0.60308,
            "3": 0.58258,
            "4": 0.51394,
            "5": 0.42484,
            "mean": 0.55176
        },
        "motion_blur": {
            "1": 0.6265,
            "2": 0.5285,
            "3": 0.35418,
            "4": 0.20322,
            "5": 0.13776,
            "mean": 0.37003199999999997
        },
        "pixelate": {
            "1": 0.65814,
            "2": 0.638,
            "3": 0.53458,
            "4": 0.3869,
            "5": 0.31298,
            "mean": 0.50612
        },
        "saturate": {
            "1": 0.64162,
            "2": 0.59508,
            "3": 0.6931,
            "4": 0.61958,
            "5": 0.51686,
            "mean": 0.613248
        },
        "shot_noise": {
            "1": 0.5916,
            "2": 0.49218,
            "3": 0.36778,
            "4": 0.19092,
            "5": 0.09892,
            "mean": 0.34828000000000003
        },
        "snow": {
            "1": 0.53032,
            "2": 0.31932,
            "3": 0.36216,
            "4": 0.26164,
            "5": 0.1941,
            "mean": 0.333508
        },
        "spatter": {
            "1": 0.69386,
            "2": 0.59664,
            "3": 0.50052,
            "4": 0.45238,
            "5": 0.33132,
            "mean": 0.5149440000000001
        },
        "speckle_noise": {
            "1": 0.60506,
            "2": 0.55686,
            "3": 0.4125,
            "4": 0.32652,
            "5": 0.22864,
            "mean": 0.42591599999999996
        },
        "zoom_blur": {
            "1": 0.47802,
            "2": 0.37874,
            "3": 0.31806,
            "4": 0.25652,
            "5": 0.20284,
            "mean": 0.326836
        }
    },
    "mean_acc_15_std": 0.396164,
    "mce_15_std": 0.603836,
    "mean_acc_all": 0.41372947368421054,
    "mce_all": 0.5862705263157895,
    "normalization_mean": [
        0.485,
        0.456,
        0.406
    ],
    "normalization_std": [
        0.229,
        0.224,
        0.225
    ],
    "resize": 256,
    "crop": 224,
    "batch_size": 256,
    "seed": 42
}