{
    "model": "mobilenet_v3_large",
    "dataset": "imagenet_c",
    "pretrained": true,
    "num_corruptions_evaluated": 19,
    "corruption_results": {
        "brightness": {
            "1": 0.69182,
            "2": 0.67706,
            "3": 0.65016,
            "4": 0.60764,
            "5": 0.54888,
            "mean": 0.635112
        },
        "contrast": {
            "1": 0.64782,
            "2": 0.62212,
            "3": 0.5616,
            "4": 0.36022,
            "5": 0.1107,
            "mean": 0.460492
        },
        "defocus_blur": {
            "1": 0.53648,
            "2": 0.46094,
            "3": 0.30456,
            "4": 0.19412,
            "5": 0.12166,
            "mean": 0.32355199999999995
        },
        "elastic_transform": {
            "1": 0.63544,
            "2": 0.40928,
            "3": 0.5508,
            "4": 0.40706,
            "5": 0.14748,
            "mean": 0.43001199999999995
        },
        "fog": {
            "1": 0.58444,
            "2": 0.52778,
            "3": 0.42584,
            "4": 0.33716,
            "5": 0.18096,
            "mean": 0.411236
        },
        "frost": {
            "1": 0.53664,
            "2": 0.35836,
            "3": 0.2487,
            "4": 0.2294,
            "5": 0.17426,
            "mean": 0.309472
        },
        "gaussian_blur": {
            "1": 0.62762,
            "2": 0.49502,
            "3": 0.34864,
            "4": 0.2282,
            "5": 0.09398,
            "mean": 0.358692
        },
        "gaussian_noise": {
            "1": 0.5869,
            "2": 0.4994,
            "3": 0.35048,
            "4": 0.18306,
            "5": 0.0521,
            "mean": 0.334388
        },
        "glass_blur": {
            "1": 0.54402,
            "2": 0.42404,
            "3": 0.15482,
            "4": 0.09798,
            "5": 0.06384,
            "mean": 0.25694
        },
        "impulse_noise": {
            "1": 0.57002,
            "2": 0.47194,
            "3": 0.3801,
            "4": 0.17976,
            "5": 0.05632,
            "mean": 0.331628
        },
        "jpeg_compression": {
            "1": 0.61616,
            "2": 0.58556,
            "3": 0.56484,
            "4": 0.49694,
            "5": 0.40852,
            "mean": 0.534404
        },
        "motion_blur": {
            "1": 0.6192,
            "2": 0.52422,
            "3": 0.36328,
            "4": 0.20228,
            "5": 0.12846,
            "mean": 0.367488
        },
        "pixelate": {
            "1": 0.63462,
            "2": 0.60576,
            "3": 0.50512,
            "4": 0.37648,
            "5": 0.29866,
            "mean": 0.48412799999999995
        },
        "saturate": {
            "1": 0.66764,
            "2": 0.6389,
            "3": 0.67262,
            "4": 0.58284,
            "5": 0.47992,
            "mean": 0.608384
        },
        "shot_noise": {
            "1": 0.57656,
            "2": 0.4792,
            "3": 0.3472,
            "4": 0.159,
            "5": 0.0743,
            "mean": 0.327252
        },
        "snow": {
            "1": 0.49568,
            "2": 0.26478,
            "3": 0.31436,
            "4": 0.2115,
            "5": 0.13676,
            "mean": 0.284616
        },
        "spatter": {
            "1": 0.67732,
            "2": 0.5756,
            "3": 0.47362,
            "4": 0.43332,
            "5": 0.30648,
            "mean": 0.49326799999999993
        },
        "speckle_noise": {
            "1": 0.59274,
            "2": 0.55056,
            "3": 0.41236,
            "4": 0.32422,
            "5": 0.22496,
            "mean": 0.42096800000000006
        },
        "zoom_blur": {
            "1": 0.4665,
            "2": 0.37088,
            "3": 0.30436,
            "4": 0.24592,
            "5": 0.1934,
            "mean": 0.316212
        }
    },
    "mean_acc_15_std": 0.3871288,
    "mce_15_std": 0.6128712000000001,
    "mean_acc_all": 0.4046444210526316,
    "mce_all": 0.5953555789473683,
    "normalization_mean": [
        0.485,
        0.456,
        0.406
    ],
    "normalization_std": [
        0.229,
        0.224,
        0.225
    ],
    "resize": 256,
    "crop": 224,
    "batch_size": 256,
    "seed": 42
}