{
    "model": "mobilenetv4_conv_small",
    "dataset": "imagenet_c",
    "pretrained": true,
    "num_corruptions_evaluated": 19,
    "corruption_results": {
        "brightness": {
            "1": 0.69146,
            "2": 0.67566,
            "3": 0.6511,
            "4": 0.61372,
            "5": 0.56488,
            "mean": 0.639364
        },
        "contrast": {
            "1": 0.63776,
            "2": 0.60704,
            "3": 0.5379,
            "4": 0.35268,
            "5": 0.13196,
            "mean": 0.453468
        },
        "defocus_blur": {
            "1": 0.568,
            "2": 0.48516,
            "3": 0.3219,
            "4": 0.20364,
            "5": 0.1245,
            "mean": 0.34063999999999994
        },
        "elastic_transform": {
            "1": 0.65326,
            "2": 0.41592,
            "3": 0.53122,
            "4": 0.37682,
            "5": 0.1295,
            "mean": 0.42134400000000005
        },
        "fog": {
            "1": 0.59764,
            "2": 0.54756,
            "3": 0.44802,
            "4": 0.36256,
            "5": 0.19172,
            "mean": 0.4295
        },
        "frost": {
            "1": 0.54368,
            "2": 0.36258,
            "3": 0.25436,
            "4": 0.2299,
            "5": 0.17538,
            "mean": 0.31318
        },
        "gaussian_blur": {
            "1": 0.66434,
            "2": 0.5398,
            "3": 0.37106,
            "4": 0.23968,
            "5": 0.0968,
            "mean": 0.382336
        },
        "gaussian_noise": {
            "1": 0.56016,
            "2": 0.46344,
            "3": 0.3162,
            "4": 0.15568,
            "5": 0.04316,
            "mean": 0.307728
        },
        "glass_blur": {
            "1": 0.52304,
            "2": 0.36448,
            "3": 0.09688,
            "4": 0.0607,
            "5": 0.0451,
            "mean": 0.21804
        },
        "impulse_noise": {
            "1": 0.51116,
            "2": 0.39744,
            "3": 0.31418,
            "4": 0.14752,
            "5": 0.04714,
            "mean": 0.283488
        },
        "jpeg_compression": {
            "1": 0.61916,
            "2": 0.5849,
            "3": 0.56058,
            "4": 0.48654,
            "5": 0.38916,
            "mean": 0.528068
        },
        "motion_blur": {
            "1": 0.6136,
            "2": 0.50728,
            "3": 0.35388,
            "4": 0.21402,
            "5": 0.14984,
            "mean": 0.367724
        },
        "pixelate": {
            "1": 0.61916,
            "2": 0.58904,
            "3": 0.48554,
            "4": 0.35102,
            "5": 0.25734,
            "mean": 0.46042000000000005
        },
        "saturate": {
            "1": 0.67798,
            "2": 0.65564,
            "3": 0.67954,
            "4": 0.60856,
            "5": 0.52362,
            "mean": 0.629068
        },
        "shot_noise": {
            "1": 0.55396,
            "2": 0.44734,
            "3": 0.31356,
            "4": 0.13762,
            "5": 0.06226,
            "mean": 0.302948
        },
        "snow": {
            "1": 0.47576,
            "2": 0.26486,
            "3": 0.30242,
            "4": 0.22028,
            "5": 0.17398,
            "mean": 0.28746
        },
        "spatter": {
            "1": 0.67892,
            "2": 0.56292,
            "3": 0.42926,
            "4": 0.37698,
            "5": 0.24682,
            "mean": 0.45897999999999994
        },
        "speckle_noise": {
            "1": 0.58298,
            "2": 0.5327,
            "3": 0.37648,
            "4": 0.28638,
            "5": 0.18888,
            "mean": 0.393484
        },
        "zoom_blur": {
            "1": 0.43968,
            "2": 0.33598,
            "3": 0.27604,
            "4": 0.21782,
            "5": 0.1664,
            "mean": 0.287184
        }
    },
    "mean_acc_15_std": 0.3760370666666667,
    "mce_15_std": 0.6239629333333333,
    "mean_acc_all": 0.3949696842105263,
    "mce_all": 0.6050303157894736,
    "normalization_mean": [
        0.485,
        0.456,
        0.406
    ],
    "normalization_std": [
        0.229,
        0.224,
        0.225
    ],
    "resize": 256,
    "crop": 224,
    "batch_size": 256,
    "seed": 42
}