{
    "model": "mobilenetv4_conv_small",
    "dataset": "imagenet_val",
    "pretrained": true,
    "num_classes": 1000,
    "num_images": 50000,
    "val_loss": 1.1509904955291748,
    "val_acc": 0.73744,
    "mean_per_class_acc": 0.7374400000000001,
    "normalization_mean": [
        0.485,
        0.456,
        0.406
    ],
    "normalization_std": [
        0.229,
        0.224,
        0.225
    ],
    "resize": 256,
    "crop": 224,
    "batch_size": 256,
    "seed": 42
}