{
    "model": "resnet18",
    "dataset": "imagenet_c",
    "pretrained": true,
    "num_corruptions_evaluated": 19,
    "corruption_results": {
        "brightness": {
            "1": 0.65492,
            "2": 0.6335,
            "3": 0.60194,
            "4": 0.55384,
            "5": 0.48772,
            "mean": 0.586384
        },
        "contrast": {
            "1": 0.55734,
            "2": 0.48248,
            "3": 0.34382,
            "4": 0.11798,
            "5": 0.02746,
            "mean": 0.305816
        },
        "defocus_blur": {
            "1": 0.48482,
            "2": 0.40436,
            "3": 0.25854,
            "4": 0.15484,
            "5": 0.0933,
            "mean": 0.279172
        },
        "elastic_transform": {
            "1": 0.59344,
            "2": 0.38866,
            "3": 0.48572,
            "4": 0.36108,
            "5": 0.1445,
            "mean": 0.39468000000000003
        },
        "fog": {
            "1": 0.50662,
            "2": 0.43368,
            "3": 0.33484,
            "4": 0.269,
            "5": 0.13406,
            "mean": 0.33564
        },
        "frost": {
            "1": 0.4993,
            "2": 0.32616,
            "3": 0.21954,
            "4": 0.20238,
            "5": 0.14876,
            "mean": 0.279228
        },
        "gaussian_blur": {
            "1": 0.58656,
            "2": 0.44312,
            "3": 0.30356,
            "4": 0.18846,
            "5": 0.0713,
            "mean": 0.3186
        },
        "gaussian_noise": {
            "1": 0.49114,
            "2": 0.36898,
            "3": 0.2043,
            "4": 0.07488,
            "5": 0.0167,
            "mean": 0.2312
        },
        "glass_blur": {
            "1": 0.47342,
            "2": 0.3445,
            "3": 0.14534,
            "4": 0.10502,
            "5": 0.07484,
            "mean": 0.228624
        },
        "impulse_noise": {
            "1": 0.39186,
            "2": 0.2775,
            "3": 0.20036,
            "4": 0.0731,
            "5": 0.01964,
            "mean": 0.192492
        },
        "jpeg_compression": {
            "1": 0.5731,
            "2": 0.5358,
            "3": 0.508,
            "4": 0.41736,
            "5": 0.2928,
            "mean": 0.46541200000000005
        },
        "motion_blur": {
            "1": 0.54574,
            "2": 0.42192,
            "3": 0.2598,
            "4": 0.14636,
            "5": 0.10132,
            "mean": 0.29502799999999996
        },
        "pixelate": {
            "1": 0.58418,
            "2": 0.56288,
            "3": 0.43116,
            "4": 0.2887,
            "5": 0.23298,
            "mean": 0.41997999999999996
        },
        "saturate": {
            "1": 0.57384,
            "2": 0.52738,
            "3": 0.63072,
            "4": 0.51398,
            "5": 0.3936,
            "mean": 0.527904
        },
        "shot_noise": {
            "1": 0.4658,
            "2": 0.33014,
            "3": 0.1882,
            "4": 0.0597,
            "5": 0.02554,
            "mean": 0.213876
        },
        "snow": {
            "1": 0.44102,
            "2": 0.22196,
            "3": 0.26,
            "4": 0.16138,
            "5": 0.10296,
            "mean": 0.23746399999999998
        },
        "spatter": {
            "1": 0.64098,
            "2": 0.52046,
            "3": 0.40716,
            "4": 0.30758,
            "5": 0.20018,
            "mean": 0.41527200000000003
        },
        "speckle_noise": {
            "1": 0.49778,
            "2": 0.4264,
            "3": 0.24394,
            "4": 0.15964,
            "5": 0.08856,
            "mean": 0.283264
        },
        "zoom_blur": {
            "1": 0.43812,
            "2": 0.3462,
            "3": 0.2798,
            "4": 0.22718,
            "5": 0.18034,
            "mean": 0.29432800000000003
        }
    },
    "mean_acc_15_std": 0.3172882666666667,
    "mce_15_std": 0.6827117333333332,
    "mean_acc_all": 0.33180863157894736,
    "mce_all": 0.6681913684210526,
    "normalization_mean": [
        0.485,
        0.456,
        0.406
    ],
    "normalization_std": [
        0.229,
        0.224,
        0.225
    ],
    "resize": 256,
    "crop": 224,
    "batch_size": 256,
    "seed": 42
}