{
    "model": "shufflenet_v2_x1_0",
    "dataset": "imagenet_c",
    "pretrained": true,
    "num_corruptions_evaluated": 19,
    "corruption_results": {
        "brightness": {
            "1": 0.63402,
            "2": 0.60832,
            "3": 0.56998,
            "4": 0.50982,
            "5": 0.43568,
            "mean": 0.551564
        },
        "contrast": {
            "1": 0.50626,
            "2": 0.41,
            "3": 0.2454,
            "4": 0.06012,
            "5": 0.01164,
            "mean": 0.246684
        },
        "defocus_blur": {
            "1": 0.46272,
            "2": 0.38036,
            "3": 0.2297,
            "4": 0.12862,
            "5": 0.07204,
            "mean": 0.25468799999999997
        },
        "elastic_transform": {
            "1": 0.57032,
            "2": 0.35762,
            "3": 0.51622,
            "4": 0.40856,
            "5": 0.19662,
            "mean": 0.409868
        },
        "fog": {
            "1": 0.46408,
            "2": 0.38384,
            "3": 0.29186,
            "4": 0.25422,
            "5": 0.14066,
            "mean": 0.30693200000000004
        },
        "frost": {
            "1": 0.47168,
            "2": 0.29758,
            "3": 0.1963,
            "4": 0.18148,
            "5": 0.13308,
            "mean": 0.256024
        },
        "gaussian_blur": {
            "1": 0.56314,
            "2": 0.41724,
            "3": 0.27544,
            "4": 0.1638,
            "5": 0.05264,
            "mean": 0.294452
        },
        "gaussian_noise": {
            "1": 0.43946,
            "2": 0.3055,
            "3": 0.14496,
            "4": 0.0446,
            "5": 0.00932,
            "mean": 0.188768
        },
        "glass_blur": {
            "1": 0.45086,
            "2": 0.33746,
            "3": 0.15128,
            "4": 0.1107,
            "5": 0.07884,
            "mean": 0.225828
        },
        "impulse_noise": {
            "1": 0.32522,
            "2": 0.19574,
            "3": 0.1211,
            "4": 0.03778,
            "5": 0.01026,
            "mean": 0.13802
        },
        "jpeg_compression": {
            "1": 0.5486,
            "2": 0.49876,
            "3": 0.45502,
            "4": 0.30748,
            "5": 0.15162,
            "mean": 0.392296
        },
        "motion_blur": {
            "1": 0.53368,
            "2": 0.42048,
            "3": 0.26136,
            "4": 0.13578,
            "5": 0.08726,
            "mean": 0.287712
        },
        "pixelate": {
            "1": 0.5563,
            "2": 0.51264,
            "3": 0.37544,
            "4": 0.20442,
            "5": 0.12766,
            "mean": 0.355292
        },
        "saturate": {
            "1": 0.54266,
            "2": 0.494,
            "3": 0.60442,
            "4": 0.4776,
            "5": 0.36354,
            "mean": 0.496444
        },
        "shot_noise": {
            "1": 0.41822,
            "2": 0.27354,
            "3": 0.13878,
            "4": 0.04006,
            "5": 0.0163,
            "mean": 0.17738
        },
        "snow": {
            "1": 0.40434,
            "2": 0.20312,
            "3": 0.23908,
            "4": 0.15324,
            "5": 0.103,
            "mean": 0.22055599999999997
        },
        "spatter": {
            "1": 0.6174,
            "2": 0.47322,
            "3": 0.35668,
            "4": 0.27414,
            "5": 0.17624,
            "mean": 0.379536
        },
        "speckle_noise": {
            "1": 0.45832,
            "2": 0.38082,
            "3": 0.19196,
            "4": 0.1195,
            "5": 0.06582,
            "mean": 0.243284
        },
        "zoom_blur": {
            "1": 0.41618,
            "2": 0.32884,
            "3": 0.26756,
            "4": 0.21404,
            "5": 0.1697,
            "mean": 0.279264
        }
    },
    "mean_acc_15_std": 0.2860584,
    "mce_15_std": 0.7139416000000001,
    "mean_acc_all": 0.3002416842105263,
    "mce_all": 0.6997583157894737,
    "normalization_mean": [
        0.485,
        0.456,
        0.406
    ],
    "normalization_std": [
        0.229,
        0.224,
        0.225
    ],
    "resize": 256,
    "crop": 224,
    "batch_size": 256,
    "seed": 42
}