{
    "model": "squeezenet1_1",
    "dataset": "imagenet_c",
    "pretrained": true,
    "num_corruptions_evaluated": 19,
    "corruption_results": {
        "brightness": {
            "1": 0.53094,
            "2": 0.4947,
            "3": 0.44178,
            "4": 0.36812,
            "5": 0.28212,
            "mean": 0.42353199999999996
        },
        "contrast": {
            "1": 0.34456,
            "2": 0.23342,
            "3": 0.11176,
            "4": 0.02918,
            "5": 0.01008,
            "mean": 0.14579999999999999
        },
        "defocus_blur": {
            "1": 0.31004,
            "2": 0.2323,
            "3": 0.12602,
            "4": 0.07372,
            "5": 0.04908,
            "mean": 0.15823199999999998
        },
        "elastic_transform": {
            "1": 0.45246,
            "2": 0.27312,
            "3": 0.34924,
            "4": 0.24916,
            "5": 0.10886,
            "mean": 0.286568
        },
        "fog": {
            "1": 0.32502,
            "2": 0.24356,
            "3": 0.16696,
            "4": 0.13646,
            "5": 0.06022,
            "mean": 0.186444
        },
        "frost": {
            "1": 0.33814,
            "2": 0.16286,
            "3": 0.08618,
            "4": 0.0757,
            "5": 0.04828,
            "mean": 0.142232
        },
        "gaussian_blur": {
            "1": 0.42508,
            "2": 0.26464,
            "3": 0.15182,
            "4": 0.08858,
            "5": 0.03644,
            "mean": 0.19331199999999998
        },
        "gaussian_noise": {
            "1": 0.25676,
            "2": 0.12016,
            "3": 0.036,
            "4": 0.01236,
            "5": 0.00458,
            "mean": 0.08597199999999999
        },
        "glass_blur": {
            "1": 0.3228,
            "2": 0.20942,
            "3": 0.07836,
            "4": 0.05738,
            "5": 0.04316,
            "mean": 0.142224
        },
        "impulse_noise": {
            "1": 0.14338,
            "2": 0.06274,
            "3": 0.03314,
            "4": 0.0114,
            "5": 0.00442,
            "mean": 0.051016000000000006
        },
        "jpeg_compression": {
            "1": 0.4201,
            "2": 0.35508,
            "3": 0.3061,
            "4": 0.17184,
            "5": 0.08128,
            "mean": 0.26688
        },
        "motion_blur": {
            "1": 0.39446,
            "2": 0.27868,
            "3": 0.15686,
            "4": 0.08412,
            "5": 0.05776,
            "mean": 0.194376
        },
        "pixelate": {
            "1": 0.4456,
            "2": 0.3977,
            "3": 0.2541,
            "4": 0.11574,
            "5": 0.07606,
            "mean": 0.25783999999999996
        },
        "saturate": {
            "1": 0.4173,
            "2": 0.36464,
            "3": 0.48652,
            "4": 0.32872,
            "5": 0.22666,
            "mean": 0.36476800000000004
        },
        "shot_noise": {
            "1": 0.25172,
            "2": 0.11598,
            "3": 0.04372,
            "4": 0.01396,
            "5": 0.00688,
            "mean": 0.086452
        },
        "snow": {
            "1": 0.26392,
            "2": 0.1077,
            "3": 0.12692,
            "4": 0.07302,
            "5": 0.0464,
            "mean": 0.123592
        },
        "spatter": {
            "1": 0.51512,
            "2": 0.35698,
            "3": 0.23622,
            "4": 0.15602,
            "5": 0.09014,
            "mean": 0.270896
        },
        "speckle_noise": {
            "1": 0.31102,
            "2": 0.23282,
            "3": 0.08698,
            "4": 0.04886,
            "5": 0.02568,
            "mean": 0.141072
        },
        "zoom_blur": {
            "1": 0.31148,
            "2": 0.23912,
            "3": 0.18512,
            "4": 0.15006,
            "5": 0.1169,
            "mean": 0.200536
        }
    },
    "mean_acc_15_std": 0.18344639999999998,
    "mce_15_std": 0.8165536,
    "mean_acc_all": 0.19588126315789472,
    "mce_all": 0.8041187368421052,
    "normalization_mean": [
        0.485,
        0.456,
        0.406
    ],
    "normalization_std": [
        0.229,
        0.224,
        0.225
    ],
    "resize": 256,
    "crop": 224,
    "batch_size": 256,
    "seed": 42
}