{
    "model": "convnext_tiny",
    "dataset": "screwset_s",
    "augmentation": "trivialaugment",
    "augmentation_meta": {
        "method": "trivialaugment"
    },
    "phase": "Phase2-ViT",
    "num_classes": 40,
    "test_acc": 0.999951,
    "mean_acc_all": 0.838071,
    "corruption_results": {
        "gaussian_noise": {
            "severity_1": 0.999707,
            "severity_2": 0.997266,
            "severity_3": 0.985986,
            "severity_4": 0.965137,
            "severity_5": 0.912598,
            "mean": 0.972139
        },
        "shot_noise": {
            "severity_1": 0.998584,
            "severity_2": 0.990283,
            "severity_3": 0.97583,
            "severity_4": 0.939648,
            "severity_5": 0.878369,
            "mean": 0.956543
        },
        "impulse_noise": {
            "severity_1": 0.999268,
            "severity_2": 0.995508,
            "severity_3": 0.990088,
            "severity_4": 0.970313,
            "severity_5": 0.924414,
            "mean": 0.975918
        },
        "defocus_blur": {
            "severity_1": 0.997168,
            "severity_2": 0.904492,
            "severity_3": 0.492822,
            "severity_4": 0.389355,
            "severity_5": 0.361523,
            "mean": 0.629072
        },
        "glass_blur": {
            "severity_1": 0.915332,
            "severity_2": 0.828662,
            "severity_3": 0.482715,
            "severity_4": 0.443945,
            "severity_5": 0.319141,
            "mean": 0.597959
        },
        "motion_blur": {
            "severity_1": 0.759863,
            "severity_2": 0.618457,
            "severity_3": 0.615234,
            "severity_4": 0.621729,
            "severity_5": 0.54873,
            "mean": 0.632803
        },
        "zoom_blur": {
            "severity_1": 0.9771,
            "severity_2": 0.946143,
            "severity_3": 0.870508,
            "severity_4": 0.813086,
            "severity_5": 0.7,
            "mean": 0.861367
        },
        "snow": {
            "severity_1": 0.987939,
            "severity_2": 0.942383,
            "severity_3": 0.800537,
            "severity_4": 0.566504,
            "severity_5": 0.642139,
            "mean": 0.7879
        },
        "frost": {
            "severity_1": 0.997314,
            "severity_2": 0.993506,
            "severity_3": 0.989893,
            "severity_4": 0.989453,
            "severity_5": 0.986182,
            "mean": 0.99127
        },
        "fog": {
            "severity_1": 0.999561,
            "severity_2": 0.999121,
            "severity_3": 0.997168,
            "severity_4": 0.989355,
            "severity_5": 0.947998,
            "mean": 0.986641
        },
        "brightness": {
            "severity_1": 0.999707,
            "severity_2": 0.997559,
            "severity_3": 0.974609,
            "severity_4": 0.828613,
            "severity_5": 0.544092,
            "mean": 0.868916
        },
        "contrast": {
            "severity_1": 0.999561,
            "severity_2": 0.999365,
            "severity_3": 0.998828,
            "severity_4": 0.997021,
            "severity_5": 0.989111,
            "mean": 0.996777
        },
        "elastic_transform": {
            "severity_1": 0.862939,
            "severity_2": 0.287549,
            "severity_3": 0.58418,
            "severity_4": 0.463037,
            "severity_5": 0.339209,
            "mean": 0.507383
        },
        "pixelate": {
            "severity_1": 1.0,
            "severity_2": 1.0,
            "severity_3": 0.999902,
            "severity_4": 0.999268,
            "severity_5": 0.995166,
            "mean": 0.998867
        },
        "jpeg_compression": {
            "severity_1": 0.998291,
            "severity_2": 0.999072,
            "severity_3": 0.991016,
            "severity_4": 0.99209,
            "severity_5": 0.962598,
            "mean": 0.988613
        },
        "speckle_noise": {
            "severity_1": 0.999268,
            "severity_2": 0.994922,
            "severity_3": 0.974805,
            "severity_4": 0.957031,
            "severity_5": 0.917529,
            "mean": 0.968711
        },
        "gaussian_blur": {
            "severity_1": 0.999951,
            "severity_2": 0.971777,
            "severity_3": 0.633545,
            "severity_4": 0.4271,
            "severity_5": 0.293359,
            "mean": 0.665146
        },
        "spatter": {
            "severity_1": 0.999756,
            "severity_2": 0.985303,
            "severity_3": 0.972217,
            "severity_4": 0.352588,
            "severity_5": 0.253271,
            "mean": 0.712627
        },
        "saturate": {
            "severity_1": 0.999805,
            "severity_2": 0.999121,
            "severity_3": 0.999512,
            "severity_4": 0.784033,
            "severity_5": 0.340967,
            "mean": 0.824688
        }
    },
    "model_path": "/home/c1857243/workspace/ARCADE--Screwset/results/augmentation/models/convnext_tiny_screwset_trivialaugment_best.pth",
    "was_retrained": true,
    "training_time_sec": 2417.2,
    "best_val_acc": 1.0,
    "normalization_mean": [
        0.485,
        0.456,
        0.406
    ],
    "normalization_std": [
        0.229,
        0.224,
        0.225
    ],
    "seed": 42
}