{
    "model": "convnext_tiny",
    "dataset": "screwset_s",
    "augmentation": "3augment",
    "augmentation_meta": {
        "method": "3augment",
        "p_each": 0.1
    },
    "phase": "Phase2-ViT",
    "num_classes": 40,
    "test_acc": 0.999707,
    "mean_acc_all": 0.757856,
    "corruption_results": {
        "gaussian_noise": {
            "severity_1": 0.998926,
            "severity_2": 0.995313,
            "severity_3": 0.981738,
            "severity_4": 0.951318,
            "severity_5": 0.825391,
            "mean": 0.950537
        },
        "shot_noise": {
            "severity_1": 0.997217,
            "severity_2": 0.988721,
            "severity_3": 0.970068,
            "severity_4": 0.895264,
            "severity_5": 0.746387,
            "mean": 0.919531
        },
        "impulse_noise": {
            "severity_1": 0.998047,
            "severity_2": 0.992871,
            "severity_3": 0.985889,
            "severity_4": 0.949854,
            "severity_5": 0.825586,
            "mean": 0.950449
        },
        "defocus_blur": {
            "severity_1": 0.99873,
            "severity_2": 0.998193,
            "severity_3": 0.924854,
            "severity_4": 0.624268,
            "severity_5": 0.35957,
            "mean": 0.781123
        },
        "glass_blur": {
            "severity_1": 0.961963,
            "severity_2": 0.971777,
            "severity_3": 0.583643,
            "severity_4": 0.532715,
            "severity_5": 0.330908,
            "mean": 0.676201
        },
        "motion_blur": {
            "severity_1": 0.823926,
            "severity_2": 0.576367,
            "severity_3": 0.576367,
            "severity_4": 0.575439,
            "severity_5": 0.398096,
            "mean": 0.590039
        },
        "zoom_blur": {
            "severity_1": 0.933105,
            "severity_2": 0.857471,
            "severity_3": 0.75542,
            "severity_4": 0.679834,
            "severity_5": 0.590576,
            "mean": 0.763281
        },
        "snow": {
            "severity_1": 0.9479,
            "severity_2": 0.819824,
            "severity_3": 0.659277,
            "severity_4": 0.386719,
            "severity_5": 0.296631,
            "mean": 0.62207
        },
        "frost": {
            "severity_1": 0.958887,
            "severity_2": 0.900293,
            "severity_3": 0.846338,
            "severity_4": 0.827002,
            "severity_5": 0.781396,
            "mean": 0.862783
        },
        "fog": {
            "severity_1": 0.745947,
            "severity_2": 0.666113,
            "severity_3": 0.572119,
            "severity_4": 0.536963,
            "severity_5": 0.423242,
            "mean": 0.588877
        },
        "brightness": {
            "severity_1": 0.9979,
            "severity_2": 0.975537,
            "severity_3": 0.866992,
            "severity_4": 0.608691,
            "severity_5": 0.350342,
            "mean": 0.759892
        },
        "contrast": {
            "severity_1": 0.616309,
            "severity_2": 0.442139,
            "severity_3": 0.21499,
            "severity_4": 0.026562,
            "severity_5": 0.025,
            "mean": 0.265
        },
        "elastic_transform": {
            "severity_1": 0.746729,
            "severity_2": 0.221533,
            "severity_3": 0.524219,
            "severity_4": 0.402197,
            "severity_5": 0.255469,
            "mean": 0.430029
        },
        "pixelate": {
            "severity_1": 0.999658,
            "severity_2": 0.999561,
            "severity_3": 0.999219,
            "severity_4": 0.997998,
            "severity_5": 0.990137,
            "mean": 0.997315
        },
        "jpeg_compression": {
            "severity_1": 0.999414,
            "severity_2": 0.998779,
            "severity_3": 0.997607,
            "severity_4": 0.996582,
            "severity_5": 0.98623,
            "mean": 0.995722
        },
        "speckle_noise": {
            "severity_1": 0.998291,
            "severity_2": 0.995117,
            "severity_3": 0.971924,
            "severity_4": 0.939697,
            "severity_5": 0.826074,
            "mean": 0.946221
        },
        "gaussian_blur": {
            "severity_1": 0.999316,
            "severity_2": 0.998535,
            "severity_3": 0.98833,
            "severity_4": 0.797949,
            "severity_5": 0.258643,
            "mean": 0.808555
        },
        "spatter": {
            "severity_1": 0.999414,
            "severity_2": 0.979492,
            "severity_3": 0.957715,
            "severity_4": 0.335742,
            "severity_5": 0.21665,
            "mean": 0.697803
        },
        "saturate": {
            "severity_1": 0.99541,
            "severity_2": 0.991748,
            "severity_3": 0.98999,
            "severity_4": 0.715869,
            "severity_5": 0.276172,
            "mean": 0.793838
        }
    },
    "model_path": "/home/c1857243/workspace/ARCADE--Screwset/results/augmentation/models/convnext_tiny_screwset_3augment_best.pth",
    "was_retrained": true,
    "training_time_sec": 2197.8,
    "best_val_acc": 0.999854,
    "normalization_mean": [
        0.485,
        0.456,
        0.406
    ],
    "normalization_std": [
        0.229,
        0.224,
        0.225
    ],
    "seed": 42
}