{
    "model": "clip_vit_b32",
    "model_family": "CLIP (OpenAI)",
    "backend": "open_clip",
    "dataset": "imagenet_c",
    "evaluation_mode": "zero_shot",
    "num_corruptions_evaluated": 19,
    "corruption_results": {
        "brightness": {
            "1": 0.5509,
            "2": 0.5368,
            "3": 0.51294,
            "4": 0.47892,
            "5": 0.43728,
            "mean": 0.503368
        },
        "contrast": {
            "1": 0.51554,
            "2": 0.4916,
            "3": 0.44402,
            "4": 0.32336,
            "5": 0.15414,
            "mean": 0.385732
        },
        "defocus_blur": {
            "1": 0.46278,
            "2": 0.41018,
            "3": 0.32628,
            "4": 0.25838,
            "5": 0.19596,
            "mean": 0.330716
        },
        "elastic_transform": {
            "1": 0.48568,
            "2": 0.31094,
            "3": 0.44536,
            "4": 0.35154,
            "5": 0.15696,
            "mean": 0.350096
        },
        "fog": {
            "1": 0.48404,
            "2": 0.45646,
            "3": 0.41476,
            "4": 0.36034,
            "5": 0.25594,
            "mean": 0.394308
        },
        "frost": {
            "1": 0.46008,
            "2": 0.35194,
            "3": 0.27706,
            "4": 0.26362,
            "5": 0.21974,
            "mean": 0.314488
        },
        "gaussian_blur": {
            "1": 0.52392,
            "2": 0.435,
            "3": 0.34954,
            "4": 0.27506,
            "5": 0.15902,
            "mean": 0.348508
        },
        "gaussian_noise": {
            "1": 0.49466,
            "2": 0.44062,
            "3": 0.3497,
            "4": 0.23186,
            "5": 0.11274,
            "mean": 0.325916
        },
        "glass_blur": {
            "1": 0.45104,
            "2": 0.3687,
            "3": 0.16912,
            "4": 0.12254,
            "5": 0.08482,
            "mean": 0.239244
        },
        "impulse_noise": {
            "1": 0.43842,
            "2": 0.3859,
            "3": 0.33626,
            "4": 0.2217,
            "5": 0.11658,
            "mean": 0.29977200000000004
        },
        "jpeg_compression": {
            "1": 0.50336,
            "2": 0.47354,
            "3": 0.44924,
            "4": 0.3672,
            "5": 0.26384,
            "mean": 0.411436
        },
        "motion_blur": {
            "1": 0.50088,
            "2": 0.43774,
            "3": 0.34274,
            "4": 0.24248,
            "5": 0.18584,
            "mean": 0.341936
        },
        "pixelate": {
            "1": 0.50882,
            "2": 0.49794,
            "3": 0.42,
            "4": 0.3249,
            "5": 0.26222,
            "mean": 0.40277599999999997
        },
        "saturate": {
            "1": 0.49132,
            "2": 0.4386,
            "3": 0.53022,
            "4": 0.44626,
            "5": 0.36452,
            "mean": 0.454184
        },
        "shot_noise": {
            "1": 0.48788,
            "2": 0.4204,
            "3": 0.32764,
            "4": 0.19086,
            "5": 0.11642,
            "mean": 0.30863999999999997
        },
        "snow": {
            "1": 0.38506,
            "2": 0.26956,
            "3": 0.26914,
            "4": 0.21122,
            "5": 0.18386,
            "mean": 0.263768
        },
        "spatter": {
            "1": 0.53336,
            "2": 0.4483,
            "3": 0.37294,
            "4": 0.2688,
            "5": 0.19058,
            "mean": 0.362796
        },
        "speckle_noise": {
            "1": 0.49734,
            "2": 0.46312,
            "3": 0.3464,
            "4": 0.27002,
            "5": 0.18862,
            "mean": 0.35309999999999997
        },
        "zoom_blur": {
            "1": 0.37552,
            "2": 0.30216,
            "3": 0.2511,
            "4": 0.20696,
            "5": 0.16226,
            "mean": 0.2596
        }
    },
    "mean_acc_15_std": 0.34211973333333334,
    "mce_15_std": 0.6578802666666667,
    "mean_acc_all": 0.35002021052631577,
    "mce_all": 0.6499797894736843,
    "text_templates": "ensemble_80",
    "seed": 42
}