{
    "model": "clip_vit_l14",
    "model_family": "CLIP (OpenAI)",
    "backend": "open_clip",
    "dataset": "imagenet_c",
    "evaluation_mode": "zero_shot",
    "num_corruptions_evaluated": 19,
    "corruption_results": {
        "brightness": {
            "1": 0.67974,
            "2": 0.67148,
            "3": 0.65576,
            "4": 0.6329,
            "5": 0.6001,
            "mean": 0.647996
        },
        "contrast": {
            "1": 0.65584,
            "2": 0.63862,
            "3": 0.60402,
            "4": 0.50314,
            "5": 0.32154,
            "mean": 0.544632
        },
        "defocus_blur": {
            "1": 0.58954,
            "2": 0.54094,
            "3": 0.44572,
            "4": 0.35704,
            "5": 0.27208,
            "mean": 0.441064
        },
        "elastic_transform": {
            "1": 0.61848,
            "2": 0.42166,
            "3": 0.55512,
            "4": 0.43746,
            "5": 0.19738,
            "mean": 0.44602
        },
        "fog": {
            "1": 0.63266,
            "2": 0.61222,
            "3": 0.57716,
            "4": 0.5338,
            "5": 0.44268,
            "mean": 0.559704
        },
        "frost": {
            "1": 0.61428,
            "2": 0.52,
            "3": 0.44698,
            "4": 0.43262,
            "5": 0.38414,
            "mean": 0.479604
        },
        "gaussian_blur": {
            "1": 0.65186,
            "2": 0.56858,
            "3": 0.47946,
            "4": 0.4003,
            "5": 0.26076,
            "mean": 0.472192
        },
        "gaussian_noise": {
            "1": 0.63566,
            "2": 0.592,
            "3": 0.49496,
            "4": 0.35914,
            "5": 0.20002,
            "mean": 0.456356
        },
        "glass_blur": {
            "1": 0.59446,
            "2": 0.51926,
            "3": 0.32156,
            "4": 0.25684,
            "5": 0.19016,
            "mean": 0.376456
        },
        "impulse_noise": {
            "1": 0.58554,
            "2": 0.50528,
            "3": 0.43492,
            "4": 0.29872,
            "5": 0.1838,
            "mean": 0.401652
        },
        "jpeg_compression": {
            "1": 0.62742,
            "2": 0.6039,
            "3": 0.57958,
            "4": 0.48956,
            "5": 0.35576,
            "mean": 0.5312439999999999
        },
        "motion_blur": {
            "1": 0.6424,
            "2": 0.59328,
            "3": 0.5068,
            "4": 0.3969,
            "5": 0.32616,
            "mean": 0.493108
        },
        "pixelate": {
            "1": 0.64266,
            "2": 0.63068,
            "3": 0.57546,
            "4": 0.49886,
            "5": 0.4445,
            "mean": 0.558432
        },
        "saturate": {
            "1": 0.65362,
            "2": 0.61338,
            "3": 0.6657,
            "4": 0.61058,
            "5": 0.54496,
            "mean": 0.617648
        },
        "shot_noise": {
            "1": 0.63142,
            "2": 0.57498,
            "3": 0.48404,
            "4": 0.3253,
            "5": 0.21988,
            "mean": 0.44712399999999997
        },
        "snow": {
            "1": 0.59682,
            "2": 0.50602,
            "3": 0.51862,
            "4": 0.45558,
            "5": 0.41986,
            "mean": 0.49938000000000005
        },
        "spatter": {
            "1": 0.66494,
            "2": 0.6184,
            "3": 0.57328,
            "4": 0.54916,
            "5": 0.474,
            "mean": 0.5759559999999999
        },
        "speckle_noise": {
            "1": 0.63882,
            "2": 0.61438,
            "3": 0.52086,
            "4": 0.45466,
            "5": 0.36136,
            "mean": 0.518016
        },
        "zoom_blur": {
            "1": 0.5326,
            "2": 0.46542,
            "3": 0.40124,
            "4": 0.34874,
            "5": 0.28558,
            "mean": 0.40671599999999997
        }
    },
    "mean_acc_15_std": 0.4859658666666667,
    "mce_15_std": 0.5140341333333334,
    "mean_acc_all": 0.49859473684210526,
    "mce_all": 0.5014052631578947,
    "text_templates": "ensemble_80",
    "seed": 42
}