{
    "model": "clip_vit_b16",
    "model_family": "CLIP (OpenAI)",
    "backend": "open_clip",
    "dataset": "imagenet_c",
    "evaluation_mode": "zero_shot",
    "num_corruptions_evaluated": 19,
    "corruption_results": {
        "brightness": {
            "1": 0.58746,
            "2": 0.57312,
            "3": 0.55342,
            "4": 0.52368,
            "5": 0.48494,
            "mean": 0.544524
        },
        "contrast": {
            "1": 0.55118,
            "2": 0.52904,
            "3": 0.4799,
            "4": 0.34788,
            "5": 0.1489,
            "mean": 0.41138
        },
        "defocus_blur": {
            "1": 0.4897,
            "2": 0.43992,
            "3": 0.34598,
            "4": 0.26616,
            "5": 0.19596,
            "mean": 0.34754399999999996
        },
        "elastic_transform": {
            "1": 0.52244,
            "2": 0.34158,
            "3": 0.45706,
            "4": 0.34466,
            "5": 0.12748,
            "mean": 0.358644
        },
        "fog": {
            "1": 0.52412,
            "2": 0.50072,
            "3": 0.46234,
            "4": 0.42394,
            "5": 0.32624,
            "mean": 0.447472
        },
        "frost": {
            "1": 0.50122,
            "2": 0.40458,
            "3": 0.33272,
            "4": 0.31882,
            "5": 0.2726,
            "mean": 0.36598800000000004
        },
        "gaussian_blur": {
            "1": 0.5552,
            "2": 0.46692,
            "3": 0.3761,
            "4": 0.29334,
            "5": 0.16968,
            "mean": 0.372248
        },
        "gaussian_noise": {
            "1": 0.51542,
            "2": 0.45978,
            "3": 0.3581,
            "4": 0.23166,
            "5": 0.11114,
            "mean": 0.33521999999999996
        },
        "glass_blur": {
            "1": 0.49028,
            "2": 0.4152,
            "3": 0.2192,
            "4": 0.1715,
            "5": 0.13296,
            "mean": 0.285828
        },
        "impulse_noise": {
            "1": 0.45202,
            "2": 0.38374,
            "3": 0.3213,
            "4": 0.20346,
            "5": 0.10932,
            "mean": 0.293968
        },
        "jpeg_compression": {
            "1": 0.5159,
            "2": 0.48498,
            "3": 0.45884,
            "4": 0.38132,
            "5": 0.28716,
            "mean": 0.42564
        },
        "motion_blur": {
            "1": 0.53504,
            "2": 0.47354,
            "3": 0.36742,
            "4": 0.24636,
            "5": 0.17928,
            "mean": 0.360328
        },
        "pixelate": {
            "1": 0.53012,
            "2": 0.51072,
            "3": 0.4484,
            "4": 0.36422,
            "5": 0.29612,
            "mean": 0.42991599999999996
        },
        "saturate": {
            "1": 0.55016,
            "2": 0.50646,
            "3": 0.56998,
            "4": 0.4959,
            "5": 0.4304,
            "mean": 0.51058
        },
        "shot_noise": {
            "1": 0.5099,
            "2": 0.4405,
            "3": 0.33744,
            "4": 0.19378,
            "5": 0.11818,
            "mean": 0.31996
        },
        "snow": {
            "1": 0.46284,
            "2": 0.3475,
            "3": 0.36328,
            "4": 0.3023,
            "5": 0.25746,
            "mean": 0.346676
        },
        "spatter": {
            "1": 0.5722,
            "2": 0.50756,
            "3": 0.43656,
            "4": 0.40086,
            "5": 0.31924,
            "mean": 0.44728399999999996
        },
        "speckle_noise": {
            "1": 0.52408,
            "2": 0.4886,
            "3": 0.37252,
            "4": 0.29882,
            "5": 0.21736,
            "mean": 0.380276
        },
        "zoom_blur": {
            "1": 0.41262,
            "2": 0.3352,
            "3": 0.27864,
            "4": 0.22834,
            "5": 0.1761,
            "mean": 0.28618
        }
    },
    "mean_acc_15_std": 0.3706178666666667,
    "mce_15_std": 0.6293821333333334,
    "mean_acc_all": 0.38261347368421056,
    "mce_all": 0.6173865263157894,
    "text_templates": "ensemble_80",
    "seed": 42
}