{
    "model": "eva02_clip_vit_b16",
    "model_family": "EVA-02-CLIP",
    "backend": "open_clip",
    "dataset": "imagenet_c",
    "evaluation_mode": "zero_shot",
    "num_corruptions_evaluated": 19,
    "corruption_results": {
        "brightness": {
            "1": 0.70354,
            "2": 0.69616,
            "3": 0.68348,
            "4": 0.66524,
            "5": 0.63824,
            "mean": 0.677332
        },
        "contrast": {
            "1": 0.67936,
            "2": 0.66124,
            "3": 0.6245,
            "4": 0.50058,
            "5": 0.2652,
            "mean": 0.546176
        },
        "defocus_blur": {
            "1": 0.66822,
            "2": 0.64064,
            "3": 0.57782,
            "4": 0.50528,
            "5": 0.42116,
            "mean": 0.562624
        },
        "elastic_transform": {
            "1": 0.66452,
            "2": 0.482,
            "3": 0.61912,
            "4": 0.5339,
            "5": 0.30352,
            "mean": 0.5206120000000001
        },
        "fog": {
            "1": 0.64868,
            "2": 0.62592,
            "3": 0.58816,
            "4": 0.55342,
            "5": 0.45482,
            "mean": 0.5742
        },
        "frost": {
            "1": 0.63792,
            "2": 0.54162,
            "3": 0.46014,
            "4": 0.44328,
            "5": 0.38884,
            "mean": 0.49436
        },
        "gaussian_blur": {
            "1": 0.69342,
            "2": 0.65634,
            "3": 0.60044,
            "4": 0.53514,
            "5": 0.38998,
            "mean": 0.575064
        },
        "gaussian_noise": {
            "1": 0.65802,
            "2": 0.609,
            "3": 0.50338,
            "4": 0.34454,
            "5": 0.16456,
            "mean": 0.4559
        },
        "glass_blur": {
            "1": 0.63306,
            "2": 0.57194,
            "3": 0.3578,
            "4": 0.29416,
            "5": 0.24188,
            "mean": 0.41976800000000003
        },
        "impulse_noise": {
            "1": 0.61226,
            "2": 0.55878,
            "3": 0.50036,
            "4": 0.35444,
            "5": 0.20064,
            "mean": 0.445296
        },
        "jpeg_compression": {
            "1": 0.67712,
            "2": 0.65822,
            "3": 0.64236,
            "4": 0.58502,
            "5": 0.50158,
            "mean": 0.6128600000000001
        },
        "motion_blur": {
            "1": 0.6803,
            "2": 0.64736,
            "3": 0.57832,
            "4": 0.47616,
            "5": 0.39512,
            "mean": 0.5554520000000001
        },
        "pixelate": {
            "1": 0.6819,
            "2": 0.67244,
            "3": 0.64222,
            "4": 0.58718,
            "5": 0.4992,
            "mean": 0.6165879999999999
        },
        "saturate": {
            "1": 0.6714,
            "2": 0.6371,
            "3": 0.69264,
            "4": 0.64704,
            "5": 0.5838,
            "mean": 0.646396
        },
        "shot_noise": {
            "1": 0.64912,
            "2": 0.58808,
            "3": 0.48856,
            "4": 0.3013,
            "5": 0.18442,
            "mean": 0.44229599999999997
        },
        "snow": {
            "1": 0.6236,
            "2": 0.51646,
            "3": 0.52828,
            "4": 0.44952,
            "5": 0.38742,
            "mean": 0.501056
        },
        "spatter": {
            "1": 0.69172,
            "2": 0.65092,
            "3": 0.6058,
            "4": 0.55228,
            "5": 0.4754,
            "mean": 0.595224
        },
        "speckle_noise": {
            "1": 0.65758,
            "2": 0.63032,
            "3": 0.5252,
            "4": 0.44906,
            "5": 0.34814,
            "mean": 0.52206
        },
        "zoom_blur": {
            "1": 0.60634,
            "2": 0.5474,
            "3": 0.47664,
            "4": 0.4206,
            "5": 0.3346,
            "mean": 0.477116
        }
    },
    "mean_acc_15_std": 0.5267757333333333,
    "mce_15_std": 0.4732242666666667,
    "mean_acc_all": 0.5389673684210526,
    "mce_all": 0.46103263157894736,
    "text_templates": "ensemble_80",
    "seed": 42
}