{
    "model": "llava",
    "model_family": "LLaVA-1.5",
    "backend": "llava",
    "dataset": "cifar10",
    "evaluation_mode": "zero_shot",
    "num_classes": 10,
    "test_acc": 0.9215,
    "corrupt_results": {
        "brightness": {
            "severity_accs": [
                0.923,
                0.93,
                0.931,
                0.895,
                0.882
            ],
            "mean": 0.9122
        },
        "contrast": {
            "severity_accs": [
                0.925,
                0.902,
                0.906,
                0.881,
                0.818
            ],
            "mean": 0.8864000000000001
        },
        "defocus_blur": {
            "severity_accs": [
                0.909,
                0.895,
                0.879,
                0.839,
                0.774
            ],
            "mean": 0.8592000000000001
        },
        "elastic_transform": {
            "severity_accs": [
                0.854,
                0.855,
                0.846,
                0.748,
                0.643
            ],
            "mean": 0.7891999999999999
        },
        "fog": {
            "severity_accs": [
                0.916,
                0.902,
                0.903,
                0.849,
                0.747
            ],
            "mean": 0.8634000000000001
        },
        "frost": {
            "severity_accs": [
                0.907,
                0.89,
                0.863,
                0.858,
                0.817
            ],
            "mean": 0.867
        },
        "gaussian_blur": {
            "severity_accs": [
                0.911,
                0.879,
                0.86,
                0.832,
                0.767
            ],
            "mean": 0.8497999999999999
        },
        "gaussian_noise": {
            "severity_accs": [
                0.856,
                0.803,
                0.75,
                0.695,
                0.636
            ],
            "mean": 0.748
        },
        "glass_blur": {
            "severity_accs": [
                0.675,
                0.67,
                0.665,
                0.522,
                0.503
            ],
            "mean": 0.607
        },
        "impulse_noise": {
            "severity_accs": [
                0.915,
                0.894,
                0.889,
                0.819,
                0.789
            ],
            "mean": 0.8612
        },
        "jpeg_compression": {
            "severity_accs": [
                0.833,
                0.783,
                0.767,
                0.726,
                0.679
            ],
            "mean": 0.7576
        },
        "motion_blur": {
            "severity_accs": [
                0.885,
                0.84,
                0.812,
                0.816,
                0.768
            ],
            "mean": 0.8242
        },
        "pixelate": {
            "severity_accs": [
                0.89,
                0.832,
                0.824,
                0.763,
                0.689
            ],
            "mean": 0.7996
        },
        "saturate": {
            "severity_accs": [
                0.883,
                0.841,
                0.931,
                0.895,
                0.876
            ],
            "mean": 0.8852
        },
        "shot_noise": {
            "severity_accs": [
                0.892,
                0.865,
                0.799,
                0.75,
                0.664
            ],
            "mean": 0.794
        },
        "snow": {
            "severity_accs": [
                0.899,
                0.869,
                0.845,
                0.81,
                0.797
            ],
            "mean": 0.844
        },
        "spatter": {
            "severity_accs": [
                0.917,
                0.916,
                0.886,
                0.887,
                0.889
            ],
            "mean": 0.899
        },
        "speckle_noise": {
            "severity_accs": [
                0.897,
                0.84,
                0.825,
                0.756,
                0.671
            ],
            "mean": 0.7978
        },
        "zoom_blur": {
            "severity_accs": [
                0.859,
                0.852,
                0.864,
                0.835,
                0.817
            ],
            "mean": 0.8454
        }
    },
    "mean_corrupt_acc": 0.8258000000000001,
    "text_templates": "ensemble_80",
    "seed": 42,
    "corruption_eval_note": "Remedy run: CIFAR-10-C subsampled 1000 per severity"
}