{
    "model": "openclip_vit_b16",
    "model_family": "OpenCLIP (LAION-2B)",
    "backend": "open_clip",
    "dataset": "imagenet_c",
    "evaluation_mode": "zero_shot",
    "num_corruptions_evaluated": 19,
    "corruption_results": {
        "brightness": {
            "1": 0.64496,
            "2": 0.63112,
            "3": 0.61234,
            "4": 0.5873,
            "5": 0.55114,
            "mean": 0.605372
        },
        "contrast": {
            "1": 0.61008,
            "2": 0.58358,
            "3": 0.5363,
            "4": 0.39182,
            "5": 0.18078,
            "mean": 0.4605119999999999
        },
        "defocus_blur": {
            "1": 0.58294,
            "2": 0.5422,
            "3": 0.45568,
            "4": 0.3703,
            "5": 0.28874,
            "mean": 0.44797200000000004
        },
        "elastic_transform": {
            "1": 0.59166,
            "2": 0.38756,
            "3": 0.5122,
            "4": 0.38804,
            "5": 0.14734,
            "mean": 0.40536000000000005
        },
        "fog": {
            "1": 0.57876,
            "2": 0.54938,
            "3": 0.50484,
            "4": 0.46282,
            "5": 0.36114,
            "mean": 0.491388
        },
        "frost": {
            "1": 0.55654,
            "2": 0.44192,
            "3": 0.3557,
            "4": 0.3375,
            "5": 0.28526,
            "mean": 0.395384
        },
        "gaussian_blur": {
            "1": 0.62864,
            "2": 0.5692,
            "3": 0.49448,
            "4": 0.41434,
            "5": 0.27058,
            "mean": 0.475448
        },
        "gaussian_noise": {
            "1": 0.55322,
            "2": 0.47402,
            "3": 0.34442,
            "4": 0.19812,
            "5": 0.06562,
            "mean": 0.32708
        },
        "glass_blur": {
            "1": 0.53722,
            "2": 0.45666,
            "3": 0.23422,
            "4": 0.17984,
            "5": 0.1278,
            "mean": 0.30714800000000003
        },
        "impulse_noise": {
            "1": 0.4948,
            "2": 0.41148,
            "3": 0.33784,
            "4": 0.18738,
            "5": 0.06656,
            "mean": 0.299612
        },
        "jpeg_compression": {
            "1": 0.60272,
            "2": 0.57556,
            "3": 0.55394,
            "4": 0.47638,
            "5": 0.372,
            "mean": 0.51612
        },
        "motion_blur": {
            "1": 0.59192,
            "2": 0.52476,
            "3": 0.41614,
            "4": 0.28548,
            "5": 0.20662,
            "mean": 0.40498399999999996
        },
        "pixelate": {
            "1": 0.59972,
            "2": 0.57918,
            "3": 0.53754,
            "4": 0.46144,
            "5": 0.38008,
            "mean": 0.511592
        },
        "saturate": {
            "1": 0.59882,
            "2": 0.55418,
            "3": 0.62898,
            "4": 0.5579,
            "5": 0.47812,
            "mean": 0.5636
        },
        "shot_noise": {
            "1": 0.54954,
            "2": 0.45712,
            "3": 0.33654,
            "4": 0.172,
            "5": 0.08356,
            "mean": 0.319752
        },
        "snow": {
            "1": 0.53328,
            "2": 0.4032,
            "3": 0.41472,
            "4": 0.33766,
            "5": 0.29112,
            "mean": 0.39599599999999996
        },
        "spatter": {
            "1": 0.63248,
            "2": 0.5661,
            "3": 0.50022,
            "4": 0.44064,
            "5": 0.3574,
            "mean": 0.49936800000000003
        },
        "speckle_noise": {
            "1": 0.5695,
            "2": 0.52618,
            "3": 0.38352,
            "4": 0.30018,
            "5": 0.2058,
            "mean": 0.397036
        },
        "zoom_blur": {
            "1": 0.46312,
            "2": 0.37692,
            "3": 0.3122,
            "4": 0.25268,
            "5": 0.1936,
            "mean": 0.319704
        }
    },
    "mean_acc_15_std": 0.41386506666666667,
    "mce_15_std": 0.5861349333333333,
    "mean_acc_all": 0.42860147368421053,
    "mce_all": 0.5713985263157895,
    "text_templates": "ensemble_80",
    "seed": 42
}