{
    "model": "siglip_vit_b16",
    "model_family": "SigLIP (Google)",
    "backend": "open_clip",
    "dataset": "imagenet_c",
    "evaluation_mode": "zero_shot",
    "num_corruptions_evaluated": 19,
    "corruption_results": {
        "brightness": {
            "1": 0.65778,
            "2": 0.64752,
            "3": 0.6323,
            "4": 0.61058,
            "5": 0.57868,
            "mean": 0.6253719999999999
        },
        "contrast": {
            "1": 0.62378,
            "2": 0.60048,
            "3": 0.55284,
            "4": 0.41276,
            "5": 0.18418,
            "mean": 0.474808
        },
        "defocus_blur": {
            "1": 0.57882,
            "2": 0.53508,
            "3": 0.44546,
            "4": 0.36226,
            "5": 0.27978,
            "mean": 0.44028
        },
        "elastic_transform": {
            "1": 0.60958,
            "2": 0.41004,
            "3": 0.51106,
            "4": 0.38378,
            "5": 0.15612,
            "mean": 0.41411600000000004
        },
        "fog": {
            "1": 0.60352,
            "2": 0.5785,
            "3": 0.54246,
            "4": 0.5141,
            "5": 0.42528,
            "mean": 0.532772
        },
        "frost": {
            "1": 0.5799,
            "2": 0.47282,
            "3": 0.3917,
            "4": 0.37494,
            "5": 0.32102,
            "mean": 0.428076
        },
        "gaussian_blur": {
            "1": 0.63286,
            "2": 0.55392,
            "3": 0.4647,
            "4": 0.3777,
            "5": 0.22938,
            "mean": 0.451712
        },
        "gaussian_noise": {
            "1": 0.57202,
            "2": 0.48324,
            "3": 0.34764,
            "4": 0.20756,
            "5": 0.08086,
            "mean": 0.338264
        },
        "glass_blur": {
            "1": 0.52678,
            "2": 0.43434,
            "3": 0.23286,
            "4": 0.18554,
            "5": 0.14684,
            "mean": 0.305272
        },
        "impulse_noise": {
            "1": 0.51704,
            "2": 0.42434,
            "3": 0.35092,
            "4": 0.21232,
            "5": 0.09556,
            "mean": 0.32003600000000004
        },
        "jpeg_compression": {
            "1": 0.60702,
            "2": 0.57706,
            "3": 0.55052,
            "4": 0.46338,
            "5": 0.35522,
            "mean": 0.51064
        },
        "motion_blur": {
            "1": 0.60228,
            "2": 0.53328,
            "3": 0.41286,
            "4": 0.2775,
            "5": 0.2042,
            "mean": 0.40602400000000005
        },
        "pixelate": {
            "1": 0.61332,
            "2": 0.59048,
            "3": 0.55324,
            "4": 0.47754,
            "5": 0.3878,
            "mean": 0.5244759999999999
        },
        "saturate": {
            "1": 0.6248,
            "2": 0.59594,
            "3": 0.64742,
            "4": 0.59092,
            "5": 0.52432,
            "mean": 0.59668
        },
        "shot_noise": {
            "1": 0.5574,
            "2": 0.4489,
            "3": 0.32946,
            "4": 0.1768,
            "5": 0.09572,
            "mean": 0.321656
        },
        "snow": {
            "1": 0.55414,
            "2": 0.41274,
            "3": 0.44052,
            "4": 0.35602,
            "5": 0.2906,
            "mean": 0.410804
        },
        "spatter": {
            "1": 0.64656,
            "2": 0.59362,
            "3": 0.5276,
            "4": 0.50422,
            "5": 0.41598,
            "mean": 0.537596
        },
        "speckle_noise": {
            "1": 0.57956,
            "2": 0.52804,
            "3": 0.37502,
            "4": 0.29228,
            "5": 0.20896,
            "mean": 0.396772
        },
        "zoom_blur": {
            "1": 0.48042,
            "2": 0.3994,
            "3": 0.334,
            "4": 0.2754,
            "5": 0.21536,
            "mean": 0.340916
        }
    },
    "mean_acc_15_std": 0.4262341333333334,
    "mce_15_std": 0.5737658666666666,
    "mean_acc_all": 0.44085642105263156,
    "mce_all": 0.5591435789473684,
    "text_templates": "ensemble_80",
    "seed": 42
}