{
    "model": "mobilevit_s",
    "phase": 2,
    "dataset": "screwset_s",
    "num_classes": 40,
    "best_val_acc": null,
    "model_path": "/home/c1857243/workspace/ARCADE--Screwset/results/screwset_s/models/mobilevit_s_screwset_best.pth",
    "normalization_mean": [
        0.0,
        0.0,
        0.0
    ],
    "normalization_std": [
        1.0,
        1.0,
        1.0
    ],
    "resize": "Resize(284)+CenterCrop(256)",
    "screwset_s_results": {
        "gaussian_noise": {
            "severity_1": 0.964063,
            "severity_2": 0.890332,
            "severity_3": 0.695508,
            "severity_4": 0.318359,
            "severity_5": 0.073291,
            "mean": 0.588311
        },
        "shot_noise": {
            "severity_1": 0.94043,
            "severity_2": 0.83208,
            "severity_3": 0.577539,
            "severity_4": 0.1771,
            "severity_5": 0.095898,
            "mean": 0.524609
        },
        "impulse_noise": {
            "severity_1": 0.949219,
            "severity_2": 0.856104,
            "severity_3": 0.725635,
            "severity_4": 0.294971,
            "severity_5": 0.078271,
            "mean": 0.58084
        },
        "defocus_blur": {
            "severity_1": 0.523291,
            "severity_2": 0.452393,
            "severity_3": 0.387012,
            "severity_4": 0.303662,
            "severity_5": 0.189941,
            "mean": 0.37126
        },
        "glass_blur": {
            "severity_1": 0.708838,
            "severity_2": 0.496387,
            "severity_3": 0.341064,
            "severity_4": 0.281787,
            "severity_5": 0.210156,
            "mean": 0.407646
        },
        "motion_blur": {
            "severity_1": 0.452344,
            "severity_2": 0.352979,
            "severity_3": 0.353906,
            "severity_4": 0.353174,
            "severity_5": 0.290381,
            "mean": 0.360557
        },
        "zoom_blur": {
            "severity_1": 0.885498,
            "severity_2": 0.851709,
            "severity_3": 0.763867,
            "severity_4": 0.691064,
            "severity_5": 0.539502,
            "mean": 0.746328
        },
        "snow": {
            "severity_1": 0.972803,
            "severity_2": 0.800146,
            "severity_3": 0.659863,
            "severity_4": 0.369531,
            "severity_5": 0.102246,
            "mean": 0.580918
        },
        "frost": {
            "severity_1": 0.998633,
            "severity_2": 0.998193,
            "severity_3": 0.993848,
            "severity_4": 0.992285,
            "severity_5": 0.978857,
            "mean": 0.992363
        },
        "fog": {
            "severity_1": 0.922314,
            "severity_2": 0.825,
            "severity_3": 0.660107,
            "severity_4": 0.59375,
            "severity_5": 0.364014,
            "mean": 0.673037
        },
        "brightness": {
            "severity_1": 0.999756,
            "severity_2": 0.965771,
            "severity_3": 0.813672,
            "severity_4": 0.422314,
            "severity_5": 0.204004,
            "mean": 0.681103
        },
        "contrast": {
            "severity_1": 0.912646,
            "severity_2": 0.59873,
            "severity_3": 0.147754,
            "severity_4": 0.022168,
            "severity_5": 0.025,
            "mean": 0.34126
        },
        "elastic_transform": {
            "severity_1": 0.765576,
            "severity_2": 0.191162,
            "severity_3": 0.504297,
            "severity_4": 0.38335,
            "severity_5": 0.222363,
            "mean": 0.41335
        },
        "pixelate": {
            "severity_1": 0.998584,
            "severity_2": 0.990674,
            "severity_3": 0.978906,
            "severity_4": 0.959082,
            "severity_5": 0.888232,
            "mean": 0.963096
        },
        "jpeg_compression": {
            "severity_1": 0.999268,
            "severity_2": 0.998437,
            "severity_3": 0.996045,
            "severity_4": 0.990332,
            "severity_5": 0.934033,
            "mean": 0.983623
        },
        "speckle_noise": {
            "severity_1": 0.949658,
            "severity_2": 0.912451,
            "severity_3": 0.648926,
            "severity_4": 0.39834,
            "severity_5": 0.193018,
            "mean": 0.620479
        },
        "gaussian_blur": {
            "severity_1": 0.798633,
            "severity_2": 0.482617,
            "severity_3": 0.423682,
            "severity_4": 0.349365,
            "severity_5": 0.137549,
            "mean": 0.438369
        },
        "spatter": {
            "severity_1": 0.999561,
            "severity_2": 0.951855,
            "severity_3": 0.912207,
            "severity_4": 0.272607,
            "severity_5": 0.116504,
            "mean": 0.650547
        },
        "saturate": {
            "severity_1": 0.856055,
            "severity_2": 0.726904,
            "severity_3": 0.794873,
            "severity_4": 0.087012,
            "severity_5": 0.028271,
            "mean": 0.498623
        }
    },
    "screwset_s_overall_mean": 0.600859,
    "num_corruptions": 19,
    "num_severities": 5,
    "seed": 42
}